13519,27,15,1,0.25,24
13519,27,37,nan,nan,24
13519,27,84,2,0.1,24
13519,27,55,4,0.41,24
13519,27,60,2,0.1,24
13519,39,44,2,0.1,24
13519,39,34,2,0.1,24
13519,39,99,nan,nan,24
13519,39,39,nan,nan,24
13519,39,39,nan,nan,24
13519,39,47,nan,nan,24
13519,39,99,nan,nan,24
13519,39,69,nan,nan,24
13519,39,68,1,0.25,24
13519,42,38,nan,nan,24
13519,42,92,2,0.1,24
13519,57,5,nan,nan,24
13519,57,66,nan,nan,24
13519,57,71,nan,nan,24
13519,57,59,nan,nan,24
13519,57,31,nan,nan,24
13519,57,97,nan,nan,24
13519,57,2,0,0.5,24
13519,58,87,nan,nan,24
13519,58,67,nan,nan,24
13519,66,4,nan,nan,24
13519,66,17,nan,nan,24
13519,66,2,nan,nan,24
13519,66,4,nan,nan,24
13519,66,9,nan,nan,24
13519,66,28,nan,nan,24
13519,71,63,nan,nan,24
13519,71,16,nan,nan,24
13519,71,42,2,0.1,24
13519,71,81,nan,nan,24
13519,76,38,nan,nan,24
13519,100,25,nan,nan,24
13519,100,67,nan,nan,24
13519,100,26,nan,nan,24
13519,100,71,nan,nan,24
13519,100,21,nan,nan,24
13519,100,94,nan,nan,24
13519,100,21,nan,nan,24
13519,100,95,nan,nan,24
13519,100,75,nan,nan,24
13519,118,4,nan,nan,24
13519,118,52,nan,nan,24
13519,118,29,nan,nan,24
13519,120,23,nan,nan,24
13519,120,87,3,0.25,24
13519,120,87,3,0.25,24
13519,120,99,1,0.25,24
13519,125,95,nan,nan,24
13519,125,36,nan,nan,24
13519,125,71,1,0.25,24
13519,125,37,0,0.5,24
13519,125,44,nan,nan,24
13519,125,7,nan,nan,24
13519,125,22,2,0.1,24
13519,125,67,nan,nan,24
13519,125,3,nan,nan,24
13519,125,39,nan,nan,24
13519,125,27,nan,nan,24
13519,125,65,nan,nan,24
13519,125,53,nan,nan,24
13519,133,68,nan,nan,24
13519,133,37,nan,nan,24
13519,133,66,nan,nan,24
13519,133,35,nan,nan,24
13519,133,91,nan,nan,24
13519,135,20,nan,nan,24
13519,135,52,nan,nan,24
13519,146,28,nan,nan,24
13519,146,80,2,0.1,24
13519,150,56,nan,nan,24
13519,150,95,1,0.25,24
13519,150,71,nan,nan,24
13519,150,31,3,0.25,24
13519,153,80,nan,nan,24
13519,153,69,nan,nan,24
13519,153,3,2,0.1,24
13519,28,2,0,0.5,24
13519,4,15,1,0.25,24
13519,39,16,2,0.1,24
13519,141,19,0,0.5,24
13519,44,26,3,0.25,24
13519,75,27,4,0.39,24
13519,75,4,nan,nan,24
13519,10,38,1,0.25,24
13519,27,39,3,0.25,24
13519,147,39,1,0.25,24
13519,35,42,0,0.5,24
13519,49,47,2,0.1,24
13519,151,47,0,0.5,24
13519,70,52,2,0.1,24
13519,57,55,4,0.41,24
13519,57,60,2,0.1,24
13519,36,61,0,0.5,24
13519,148,61,1,0.25,24
13519,120,66,0,0.5,24
13519,120,99,1,0.25,24
13519,149,69,3,0.33,24
13519,129,71,3,0.25,24
13519,23,75,0,0.5,24
13519,50,77,nan,nan,24
13519,53,81,3,0.33,24
13519,125,98,0,0.5,24
13520,2,37,nan,nan,15
13520,2,53,nan,nan,15
13520,2,49,nan,nan,15
13520,2,55,nan,nan,15
13520,2,66,nan,nan,15
13520,2,89,nan,nan,15
13520,5,82,1,0.25,15
13520,5,50,nan,nan,15
13520,5,13,nan,nan,15
13520,5,1,2,0.1,15
13520,5,5,nan,nan,15
13520,5,77,nan,nan,15
13520,5,39,nan,nan,15
13520,10,66,nan,nan,15
13520,10,14,nan,nan,15
13520,10,81,nan,nan,15
13520,10,87,nan,nan,15
13520,10,99,nan,nan,15
13520,10,9,nan,nan,15
13520,12,32,nan,nan,15
13520,12,32,nan,nan,15
13520,12,20,nan,nan,15
13520,12,90,nan,nan,15
13520,12,18,nan,nan,15
13520,12,41,nan,nan,15
13520,12,18,nan,nan,15
13520,12,27,nan,nan,15
13520,12,47,nan,nan,15
13520,15,47,nan,nan,15
13520,15,54,nan,nan,15
13520,15,15,nan,nan,15
13520,15,75,nan,nan,15
13520,16,30,nan,nan,15
13520,16,41,nan,nan,15
13520,16,78,nan,nan,15
13520,16,16,nan,nan,15
13520,16,31,nan,nan,15
13520,16,89,nan,nan,15
13520,17,16,2,0.1,15
13520,17,89,nan,nan,15
13520,17,45,1,0.25,15
13520,17,89,nan,nan,15
13520,17,68,nan,nan,15
13520,17,31,nan,nan,15
13520,17,92,nan,nan,15
13520,17,47,nan,nan,15
13520,17,47,nan,nan,15
13520,18,24,nan,nan,15
13520,18,47,nan,nan,15
13520,18,26,nan,nan,15
13520,19,15,nan,nan,15
13520,19,16,nan,nan,15
13520,19,16,nan,nan,15
13520,21,22,nan,nan,15
13520,21,52,nan,nan,15
13520,21,22,nan,nan,15
13520,21,56,nan,nan,15
13520,21,29,4,0.47,15
13520,21,44,nan,nan,15
13520,21,14,nan,nan,15
13520,22,52,nan,nan,15
13520,22,81,nan,nan,15
13520,22,22,nan,nan,15
13520,22,81,nan,nan,15
13520,22,54,nan,nan,15
13520,22,72,nan,nan,15
13520,22,37,nan,nan,15
13520,24,77,nan,nan,15
13520,24,76,nan,nan,15
13520,24,74,nan,nan,15
13520,24,66,nan,nan,15
13520,24,37,nan,nan,15
13520,24,45,nan,nan,15
13520,27,59,nan,nan,15
13520,27,91,nan,nan,15
13520,27,34,nan,nan,15
13520,29,32,nan,nan,15
13520,29,79,2,0.1,15
13520,29,45,nan,nan,15
13520,29,66,1,0.25,15
13520,29,13,nan,nan,15
13520,29,17,2,0.1,15
13520,29,91,1,0.25,15
13520,32,37,1,0.25,15
13520,32,0,2,0.1,15
13520,32,12,nan,nan,15
13520,32,19,nan,nan,15
13520,32,53,nan,nan,15
13520,32,91,nan,nan,15
13520,39,92,nan,nan,15
13520,39,11,nan,nan,15
13520,39,39,nan,nan,15
13520,39,89,nan,nan,15
13520,39,71,1,0.25,15
13520,39,11,nan,nan,15
13520,40,56,nan,nan,15
13520,40,83,nan,nan,15
13520,40,56,nan,nan,15
13520,40,37,3,0.25,15
13520,40,96,nan,nan,15
13520,40,11,nan,nan,15
13520,40,97,nan,nan,15
13520,40,54,nan,nan,15
13520,40,84,nan,nan,15
13520,40,61,nan,nan,15
13520,40,96,nan,nan,15
13520,42,38,nan,nan,15
13520,42,73,nan,nan,15
13520,42,33,nan,nan,15
13520,42,38,nan,nan,15
13520,42,11,2,0.1,15
13520,42,33,nan,nan,15
13520,42,70,nan,nan,15
13520,44,68,2,0.1,15
13520,44,84,nan,nan,15
13520,44,71,nan,nan,15
13520,47,8,nan,nan,15
13520,47,29,nan,nan,15
13520,47,55,nan,nan,15
13520,47,5,nan,nan,15
13520,47,85,nan,nan,15
13520,47,8,nan,nan,15
13520,49,95,2,0.1,15
13520,49,39,nan,nan,15
13520,49,1,nan,nan,15
13520,49,6,0,0.5,15
13520,49,6,0,0.5,15
13520,49,12,nan,nan,15
13520,49,8,nan,nan,15
13520,49,39,nan,nan,15
13520,52,23,nan,nan,15
13520,52,27,nan,nan,15
13520,52,84,nan,nan,15
13520,52,48,nan,nan,15
13520,53,75,nan,nan,15
13520,53,20,nan,nan,15
13520,53,28,nan,nan,15
13520,55,56,nan,nan,15
13520,55,23,nan,nan,15
13520,55,55,nan,nan,15
13520,55,75,nan,nan,15
13520,55,5,nan,nan,15
13520,55,59,nan,nan,15
13520,56,53,nan,nan,15
13520,56,20,nan,nan,15
13520,56,28,nan,nan,15
13520,56,55,nan,nan,15
13520,56,20,nan,nan,15
13520,56,69,nan,nan,15
13520,58,56,nan,nan,15
13520,58,18,nan,nan,15
13520,58,18,nan,nan,15
13520,58,65,nan,nan,15
13520,61,58,nan,nan,15
13520,61,4,2,0.1,15
13520,61,11,nan,nan,15
13520,61,14,nan,nan,15
13520,64,14,nan,nan,15
13520,64,42,1,0.25,15
13520,64,77,nan,nan,15
13520,64,60,nan,nan,15
13520,64,41,nan,nan,15
13520,64,48,nan,nan,15
13520,64,41,nan,nan,15
13520,67,9,2,0.1,15
13520,67,85,nan,nan,15
13520,67,36,nan,nan,15
13520,67,66,nan,nan,15
13520,67,12,nan,nan,15
13520,67,76,nan,nan,15
13520,67,68,nan,nan,15
13520,72,12,nan,nan,15
13520,72,50,nan,nan,15
13520,72,22,nan,nan,15
13520,72,22,nan,nan,15
13520,72,85,nan,nan,15
13520,75,99,1,0.25,15
13520,75,70,nan,nan,15
13520,75,66,nan,nan,15
13520,75,71,nan,nan,15
13520,75,81,nan,nan,15
13520,75,74,nan,nan,15
13520,75,71,nan,nan,15
13520,77,44,nan,nan,15
13520,77,93,nan,nan,15
13520,77,68,nan,nan,15
13520,77,93,nan,nan,15
13520,77,68,nan,nan,15
13520,79,30,nan,nan,15
13520,79,66,nan,nan,15
13520,79,44,nan,nan,15
13520,79,29,nan,nan,15
13520,79,37,nan,nan,15
13520,80,24,nan,nan,15
13520,80,81,2,0.1,15
13520,80,51,nan,nan,15
13520,80,80,nan,nan,15
13520,80,68,nan,nan,15
13520,80,13,nan,nan,15
13520,80,99,nan,nan,15
13520,80,51,nan,nan,15
13520,82,71,nan,nan,15
13520,82,90,nan,nan,15
13520,82,42,nan,nan,15
13520,82,68,nan,nan,15
13520,82,31,nan,nan,15
13520,82,91,nan,nan,15
13520,82,81,nan,nan,15
13520,84,19,nan,nan,15
13520,86,5,nan,nan,15
13520,86,12,nan,nan,15
13520,86,96,nan,nan,15
13520,87,14,nan,nan,15
13520,87,92,nan,nan,15
13520,87,57,2,0.1,15
13520,87,92,nan,nan,15
13520,87,62,nan,nan,15
13520,87,7,nan,nan,15
13520,87,94,nan,nan,15
13520,90,65,nan,nan,15
13520,90,83,nan,nan,15
13520,90,11,nan,nan,15
13520,91,69,nan,nan,15
13520,91,25,nan,nan,15
13520,91,43,nan,nan,15
13520,91,69,nan,nan,15
13520,91,11,nan,nan,15
13520,91,73,nan,nan,15
13520,91,44,nan,nan,15
13520,91,89,nan,nan,15
13520,91,39,nan,nan,15
13520,94,83,nan,nan,15
13520,94,43,nan,nan,15
13520,94,38,nan,nan,15
13520,97,18,nan,nan,15
13520,97,68,nan,nan,15
13520,97,94,nan,nan,15
13520,97,98,nan,nan,15
13520,97,70,nan,nan,15
13520,100,88,nan,nan,15
13520,100,90,nan,nan,15
13520,100,80,nan,nan,15
13520,100,31,nan,nan,15
13520,100,6,nan,nan,15
13520,101,15,nan,nan,15
13520,101,12,nan,nan,15
13520,101,8,nan,nan,15
13520,103,67,nan,nan,15
13520,103,99,nan,nan,15
13520,103,24,2,0.1,15
13520,111,61,nan,nan,15
13520,111,45,nan,nan,15
13520,111,23,nan,nan,15
13520,111,98,nan,nan,15
13520,111,17,nan,nan,15
13520,111,89,nan,nan,15
13520,111,19,nan,nan,15
13520,112,44,nan,nan,15
13520,112,4,nan,nan,15
13520,112,43,nan,nan,15
13520,112,21,nan,nan,15
13520,116,37,nan,nan,15
13520,116,94,nan,nan,15
13520,122,56,nan,nan,15
13520,122,1,nan,nan,15
13520,122,78,nan,nan,15
13520,122,91,nan,nan,15
13520,122,20,nan,nan,15
13520,122,47,nan,nan,15
13520,122,16,nan,nan,15
13520,123,34,nan,nan,15
13520,123,90,nan,nan,15
13520,123,90,nan,nan,15
13520,123,97,nan,nan,15
13520,123,80,nan,nan,15
13520,126,22,nan,nan,15
13520,126,98,nan,nan,15
13520,126,84,nan,nan,15
13520,126,32,nan,nan,15
13520,126,76,nan,nan,15
13520,127,72,nan,nan,15
13520,127,81,nan,nan,15
13520,128,37,nan,nan,15
13520,128,86,nan,nan,15
13520,128,37,nan,nan,15
13520,128,68,nan,nan,15
13520,130,99,nan,nan,15
13520,130,12,nan,nan,15
13520,135,30,nan,nan,15
13520,135,7,nan,nan,15
13520,135,60,nan,nan,15
13520,135,12,nan,nan,15
13520,136,56,nan,nan,15
13520,136,93,nan,nan,15
13520,136,95,nan,nan,15
13520,136,29,nan,nan,15
13520,137,12,nan,nan,15
13520,137,20,nan,nan,15
13520,137,89,nan,nan,15
13520,140,92,nan,nan,15
13520,140,29,4,0.47,15
13520,140,92,nan,nan,15
13520,140,31,nan,nan,15
13520,140,26,nan,nan,15
13520,140,80,1,0.25,15
13520,140,14,nan,nan,15
13520,141,23,nan,nan,15
13520,141,92,nan,nan,15
13520,141,69,2,0.1,15
13520,142,90,nan,nan,15
13520,142,25,nan,nan,15
13520,142,42,nan,nan,15
13520,142,11,nan,nan,15
13520,144,96,nan,nan,15
13520,144,11,nan,nan,15
13520,144,96,nan,nan,15
13520,144,27,nan,nan,15
13520,144,11,nan,nan,15
13520,146,89,nan,nan,15
13520,146,38,nan,nan,15
13520,146,38,nan,nan,15
13520,147,11,nan,nan,15
13520,147,42,nan,nan,15
13520,147,4,nan,nan,15
13520,147,44,nan,nan,15
13520,147,36,nan,nan,15
13520,148,82,nan,nan,15
13520,148,38,nan,nan,15
13520,148,23,nan,nan,15
13520,148,29,nan,nan,15
13520,148,94,nan,nan,15
13520,148,12,nan,nan,15
13520,150,71,nan,nan,15
13520,150,96,2,0.1,15
13520,150,46,nan,nan,15
13520,150,31,3,0.25,15
13520,150,8,nan,nan,15
13520,153,4,2,0.1,15
13520,154,8,nan,nan,15
13520,154,0,nan,nan,15
13520,154,83,nan,nan,15
13520,154,69,nan,nan,15
13520,155,60,nan,nan,15
13520,155,95,nan,nan,15
13520,155,37,nan,nan,15
13520,40,15,1,0.25,15
13520,58,19,1,0.25,15
13520,72,27,4,0.39,15
13520,72,4,1,0.25,15
13520,20,29,4,0.47,15
13520,20,14,nan,nan,15
13520,29,34,3,0.25,15
13520,30,37,1,0.25,15
13520,86,42,0,0.5,15
13520,5,57,3,0.5,15
13520,5,57,3,0.5,15
13520,33,66,0,0.5,15
13520,21,75,0,0.5,15
13520,21,97,3,0.33,15
13520,1,85,3,0.25,15
13520,102,89,3,0.33,15
13520,73,98,0,0.5,15
13521,5,47,nan,nan,0
13521,5,83,1,0.25,0
13521,5,69,nan,nan,0
13521,5,76,nan,nan,0
13521,5,67,nan,nan,0
13521,5,69,nan,nan,0
13521,5,4,nan,nan,0
13521,5,81,nan,nan,0
13521,5,23,2,0.1,0
13521,5,76,nan,nan,0
13521,5,1,2,0.1,0
13521,7,83,nan,nan,0
13521,7,37,nan,nan,0
13521,7,71,nan,nan,0
13521,7,65,nan,nan,0
13521,7,56,nan,nan,0
13521,7,92,2,0.1,0
13521,7,40,nan,nan,0
13521,7,96,nan,nan,0
13521,7,65,nan,nan,0
13521,14,71,nan,nan,0
13521,14,4,nan,nan,0
13521,14,26,nan,nan,0
13521,14,9,nan,nan,0
13521,14,4,nan,nan,0
13521,14,61,nan,nan,0
13521,14,94,nan,nan,0
13521,14,89,nan,nan,0
13521,14,47,nan,nan,0
13521,14,18,nan,nan,0
13521,14,61,nan,nan,0
13521,14,75,nan,nan,0
13521,14,68,nan,nan,0
13521,15,64,nan,nan,0
13521,15,83,nan,nan,0
13521,15,27,nan,nan,0
13521,15,44,nan,nan,0
13521,15,4,nan,nan,0
13521,15,18,nan,nan,0
13521,43,93,2,0.1,0
13521,43,31,nan,nan,0
13521,43,31,nan,nan,0
13521,43,4,nan,nan,0
13521,43,19,nan,nan,0
13521,43,31,nan,nan,0
13521,43,51,nan,nan,0
13521,43,42,nan,nan,0
13521,43,76,nan,nan,0
13521,43,88,nan,nan,0
13521,43,94,1,0.25,0
13521,43,96,nan,nan,0
13521,43,31,nan,nan,0
13521,43,86,nan,nan,0
13521,43,99,nan,nan,0
13521,43,38,nan,nan,0
13521,43,0,nan,nan,0
13521,43,82,nan,nan,0
13521,51,37,nan,nan,0
13521,51,43,nan,nan,0
13521,51,59,nan,nan,0
13521,51,81,nan,nan,0
13521,51,29,nan,nan,0
13521,51,92,nan,nan,0
13521,51,51,nan,nan,0
13521,51,35,nan,nan,0
13521,51,77,nan,nan,0
13521,51,44,nan,nan,0
13521,51,37,nan,nan,0
13521,51,32,nan,nan,0
13521,51,0,nan,nan,0
13521,66,84,nan,nan,0
13521,66,87,nan,nan,0
13521,66,79,nan,nan,0
13521,66,10,nan,nan,0
13521,66,4,nan,nan,0
13521,75,71,nan,nan,0
13521,75,6,nan,nan,0
13521,75,62,nan,nan,0
13521,75,97,nan,nan,0
13521,75,51,nan,nan,0
13521,75,46,nan,nan,0
13521,75,16,nan,nan,0
13521,75,43,2,0.1,0
13521,75,1,nan,nan,0
13521,75,47,nan,nan,0
13521,75,29,nan,nan,0
13521,75,8,nan,nan,0
13521,75,81,nan,nan,0
13521,75,55,nan,nan,0
13521,75,99,1,0.25,0
13521,80,37,nan,nan,0
13521,80,10,nan,nan,0
13521,80,66,nan,nan,0
13521,80,14,1,0.25,0
13521,80,84,nan,nan,0
13521,80,64,nan,nan,0
13521,80,91,nan,nan,0
13521,80,84,nan,nan,0
13521,80,5,2,0.1,0
13521,80,54,nan,nan,0
13521,80,80,nan,nan,0
13521,96,31,nan,nan,0
13521,96,87,nan,nan,0
13521,96,90,1,0.25,0
13521,96,33,nan,nan,0
13521,96,21,nan,nan,0
13521,96,38,2,0.1,0
13521,96,38,2,0.1,0
13521,96,86,nan,nan,0
13521,96,63,2,0.1,0
13521,96,44,nan,nan,0
13521,96,54,nan,nan,0
13521,103,36,nan,nan,0
13521,103,79,nan,nan,0
13521,103,18,nan,nan,0
13521,103,61,nan,nan,0
13521,103,80,nan,nan,0
13521,103,79,nan,nan,0
13521,103,86,nan,nan,0
13521,109,23,nan,nan,0
13521,109,59,nan,nan,0
13521,109,44,2,0.1,0
13521,109,65,nan,nan,0
13521,109,59,nan,nan,0
13521,109,49,3,0.33,0
13521,109,2,nan,nan,0
13521,109,76,nan,nan,0
13521,109,59,nan,nan,0
13521,109,7,nan,nan,0
13521,109,76,nan,nan,0
13521,109,60,nan,nan,0
13521,109,8,nan,nan,0
13521,109,59,nan,nan,0
13521,114,34,nan,nan,0
13521,114,21,nan,nan,0
13521,114,61,nan,nan,0
13521,114,14,nan,nan,0
13521,114,22,nan,nan,0
13521,114,82,nan,nan,0
13521,114,45,nan,nan,0
13521,114,60,nan,nan,0
13521,114,68,nan,nan,0
13521,114,82,nan,nan,0
13521,114,32,nan,nan,0
13521,114,9,nan,nan,0
13521,114,26,nan,nan,0
13521,114,81,nan,nan,0
13521,114,82,nan,nan,0
13521,114,82,nan,nan,0
13521,130,40,nan,nan,0
13521,130,89,nan,nan,0
13521,130,93,nan,nan,0
13521,130,60,nan,nan,0
13521,130,73,nan,nan,0
13521,130,12,nan,nan,0
13521,130,54,nan,nan,0
13521,130,66,nan,nan,0
13521,130,15,nan,nan,0
13521,130,74,nan,nan,0
13521,130,92,nan,nan,0
13521,130,93,nan,nan,0
13521,130,78,nan,nan,0
13521,130,58,nan,nan,0
13521,130,66,nan,nan,0
13521,133,68,nan,nan,0
13521,133,63,nan,nan,0
13521,133,51,nan,nan,0
13521,133,29,nan,nan,0
13521,133,19,nan,nan,0
13521,135,77,nan,nan,0
13521,135,20,nan,nan,0
13521,135,19,nan,nan,0
13521,135,15,nan,nan,0
13521,135,29,nan,nan,0
13521,135,99,nan,nan,0
13521,135,0,nan,nan,0
13521,135,15,nan,nan,0
13521,135,60,nan,nan,0
13521,135,29,nan,nan,0
13521,135,30,nan,nan,0
13521,135,84,nan,nan,0
13521,135,60,nan,nan,0
13521,135,60,nan,nan,0
13521,135,26,nan,nan,0
13521,140,80,1,0.25,0
13521,140,33,nan,nan,0
13521,140,97,nan,nan,0
13521,140,44,nan,nan,0
13521,140,48,nan,nan,0
13521,140,83,nan,nan,0
13521,140,57,nan,nan,0
13521,140,12,2,0.1,0
13521,140,83,nan,nan,0
13521,140,57,nan,nan,0
13521,140,62,nan,nan,0
13521,140,36,nan,nan,0
13521,140,56,nan,nan,0
13521,142,83,1,0.25,0
13521,142,82,nan,nan,0
13521,142,32,nan,nan,0
13521,142,85,nan,nan,0
13521,142,57,nan,nan,0
13521,142,7,2,0.1,0
13521,142,53,nan,nan,0
13521,142,80,nan,nan,0
13521,144,34,nan,nan,0
13521,144,11,nan,nan,0
13521,144,39,nan,nan,0
13521,144,90,nan,nan,0
13521,144,82,1,0.25,0
13521,144,11,nan,nan,0
13521,144,39,nan,nan,0
13521,144,54,nan,nan,0
13521,144,11,nan,nan,0
13521,144,39,nan,nan,0
13521,144,97,2,0.1,0
13521,144,63,nan,nan,0
13521,144,89,nan,nan,0
13521,146,31,nan,nan,0
13521,146,35,2,0.1,0
13521,146,27,nan,nan,0
13521,146,3,nan,nan,0
13521,146,54,nan,nan,0
13521,146,66,nan,nan,0
13521,146,11,nan,nan,0
13521,146,50,nan,nan,0
13521,146,43,2,0.1,0
13521,146,36,nan,nan,0
13521,146,51,nan,nan,0
13521,146,54,nan,nan,0
13521,146,8,nan,nan,0
13521,144,1,0,0.5,0
13521,57,2,0,0.5,0
13521,57,94,3,0.33,0
13521,72,4,1,0.25,0
13521,107,4,0,0.5,0
13521,73,8,3,0.25,0
13521,7,15,0,0.5,0
13521,8,26,2,0.1,0
13521,92,26,3,0.5,0
13521,92,94,2,0.1,0
13521,92,26,3,0.5,0
13521,27,32,0,0.5,0
13521,27,87,2,0.1,0
13521,63,37,2,0.1,0
13521,88,43,3,0.25,0
13521,119,47,0,0.5,0
13521,109,48,1,0.25,0
13521,47,50,2,0.1,0
13521,28,55,4,0.41,0
13521,28,60,2,0.1,0
13521,96,60,2,0.1,0
13521,143,61,2,0.1,0
13521,46,66,2,0.1,0
13521,64,66,0,0.5,0
13521,74,71,0,0.5,0
13521,146,71,1,0.25,0
13521,106,74,3,0.25,0
13521,12,96,1,0.25,0
13522,7,18,nan,nan,5
13522,7,4,nan,nan,5
13522,7,3,nan,nan,5
13522,15,38,nan,nan,5
13522,15,37,nan,nan,5
13522,15,0,nan,nan,5
13522,15,18,1,0.25,5
13522,15,34,nan,nan,5
13522,47,56,nan,nan,5
13522,47,31,nan,nan,5
13522,47,54,nan,nan,5
13522,47,50,2,0.1,5
13522,66,61,nan,nan,5
13522,66,41,nan,nan,5
13522,66,24,nan,nan,5
13522,66,57,nan,nan,5
13522,66,4,nan,nan,5
13522,66,1,nan,nan,5
13522,110,23,nan,nan,5
13522,110,65,nan,nan,5
13522,110,76,nan,nan,5
13522,110,37,nan,nan,5
13522,110,95,nan,nan,5
13522,111,95,nan,nan,5
13522,111,54,nan,nan,5
13522,111,65,nan,nan,5
13522,111,64,nan,nan,5
13522,112,18,nan,nan,5
13522,112,49,1,0.25,5
13522,119,5,nan,nan,5
13522,119,81,nan,nan,5
13522,119,61,nan,nan,5
13522,126,16,nan,nan,5
13522,140,7,nan,nan,5
13522,140,12,2,0.1,5
13522,140,57,nan,nan,5
13522,140,85,nan,nan,5
13522,140,60,nan,nan,5
13522,141,85,nan,nan,5
13522,141,35,nan,nan,5
13522,142,43,nan,nan,5
13522,142,66,2,0.1,5
13522,142,80,nan,nan,5
13522,142,69,nan,nan,5
13522,142,42,nan,nan,5
13522,155,67,nan,nan,5
13522,155,9,nan,nan,5
13522,155,5,nan,nan,5
13522,149,0,0,0.5,5
13522,150,3,3,0.33,5
13522,67,11,1,0.25,5
13522,68,11,1,0.25,5
13522,92,26,3,0.5,5
13522,92,26,3,0.5,5
13522,92,26,3,0.5,5
13522,92,26,3,0.5,5
13522,92,26,3,0.5,5
13522,92,26,3,0.5,5
13522,48,31,2,0.1,5
13522,72,35,0,0.5,5
13522,125,37,0,0.5,5
13522,83,42,0,0.5,5
13522,83,65,3,0.5,5
13522,83,65,3,0.5,5
13522,35,50,1,0.25,5
13522,30,61,0,0.5,5
13522,29,64,1,0.25,5
13522,143,68,3,0.25,5
13522,130,71,3,0.25,5
13522,102,80,0,0.5,5
13522,102,89,3,0.33,5
13522,148,87,3,0.5,5
13522,148,87,3,0.5,5
13523,1,84,nan,nan,13
13523,1,84,nan,nan,13
13523,1,96,nan,nan,13
13523,1,84,nan,nan,13
13523,1,1,2,0.1,13
13523,1,55,nan,nan,13
13523,1,96,nan,nan,13
13523,1,65,nan,nan,13
13523,1,68,nan,nan,13
13523,1,11,1,0.25,13
13523,1,78,2,0.1,13
13523,1,81,nan,nan,13
13523,2,28,nan,nan,13
13523,2,19,nan,nan,13
13523,2,95,nan,nan,13
13523,2,97,nan,nan,13
13523,2,68,nan,nan,13
13523,2,65,nan,nan,13
13523,2,95,nan,nan,13
13523,2,74,nan,nan,13
13523,2,57,1,0.25,13
13523,2,98,nan,nan,13
13523,2,36,nan,nan,13
13523,2,77,4,0.31,13
13523,2,61,nan,nan,13
13523,2,55,nan,nan,13
13523,2,24,nan,nan,13
13523,5,24,nan,nan,13
13523,5,23,2,0.1,13
13523,5,81,nan,nan,13
13523,5,59,nan,nan,13
13523,5,61,nan,nan,13
13523,5,24,nan,nan,13
13523,5,25,nan,nan,13
13523,7,44,nan,nan,13
13523,7,65,nan,nan,13
13523,7,8,nan,nan,13
13523,7,92,nan,nan,13
13523,7,71,nan,nan,13
13523,7,11,nan,nan,13
13523,7,72,nan,nan,13
13523,7,81,nan,nan,13
13523,7,15,nan,nan,13
13523,7,39,nan,nan,13
13523,7,72,nan,nan,13
13523,7,10,nan,nan,13
13523,7,5,nan,nan,13
13523,7,41,nan,nan,13
13523,7,65,nan,nan,13
13523,9,82,nan,nan,13
13523,9,25,nan,nan,13
13523,9,63,nan,nan,13
13523,9,34,2,0.1,13
13523,9,82,nan,nan,13
13523,9,18,nan,nan,13
13523,9,60,2,0.1,13
13523,9,20,nan,nan,13
13523,9,44,1,0.25,13
13523,10,32,nan,nan,13
13523,10,21,nan,nan,13
13523,10,44,nan,nan,13
13523,10,31,nan,nan,13
13523,10,96,nan,nan,13
13523,10,63,nan,nan,13
13523,10,26,nan,nan,13
13523,10,7,nan,nan,13
13523,10,14,nan,nan,13
13523,10,60,nan,nan,13
13523,11,73,nan,nan,13
13523,11,98,nan,nan,13
13523,11,98,nan,nan,13
13523,11,63,nan,nan,13
13523,11,46,nan,nan,13
13523,11,94,nan,nan,13
13523,11,99,nan,nan,13
13523,11,56,nan,nan,13
13523,11,27,nan,nan,13
13523,11,18,nan,nan,13
13523,11,33,nan,nan,13
13523,11,7,nan,nan,13
13523,12,27,nan,nan,13
13523,12,14,nan,nan,13
13523,12,32,nan,nan,13
13523,12,41,2,0.1,13
13523,12,33,4,0.14,13
13523,12,36,nan,nan,13
13523,12,98,nan,nan,13
13523,12,88,2,0.1,13
13523,12,37,nan,nan,13
13523,12,90,nan,nan,13
13523,12,68,1,0.25,13
13523,12,40,nan,nan,13
13523,12,53,nan,nan,13
13523,12,87,nan,nan,13
13523,12,90,nan,nan,13
13523,12,9,nan,nan,13
13523,12,32,nan,nan,13
13523,12,23,2,0.1,13
13523,12,75,nan,nan,13
13523,12,55,nan,nan,13
13523,13,61,nan,nan,13
13523,13,7,nan,nan,13
13523,13,83,nan,nan,13
13523,13,27,nan,nan,13
13523,13,27,nan,nan,13
13523,13,27,nan,nan,13
13523,13,58,nan,nan,13
13523,13,41,nan,nan,13
13523,13,66,nan,nan,13
13523,13,33,nan,nan,13
13523,14,56,2,0.1,13
13523,14,87,2,0.1,13
13523,14,55,nan,nan,13
13523,14,4,3,0.33,13
13523,14,94,nan,nan,13
13523,14,61,nan,nan,13
13523,14,54,nan,nan,13
13523,14,95,nan,nan,13
13523,14,4,3,0.33,13
13523,14,45,nan,nan,13
13523,14,80,nan,nan,13
13523,14,18,1,0.25,13
13523,14,96,nan,nan,13
13523,14,12,nan,nan,13
13523,14,85,nan,nan,13
13523,14,4,3,0.33,13
13523,14,4,3,0.33,13
13523,19,42,nan,nan,13
13523,19,16,nan,nan,13
13523,19,44,nan,nan,13
13523,19,80,nan,nan,13
13523,19,89,nan,nan,13
13523,19,90,nan,nan,13
13523,19,37,nan,nan,13
13523,19,83,nan,nan,13
13523,19,54,nan,nan,13
13523,21,0,nan,nan,13
13523,21,90,nan,nan,13
13523,21,3,nan,nan,13
13523,21,12,nan,nan,13
13523,21,68,nan,nan,13
13523,21,36,nan,nan,13
13523,21,57,1,0.25,13
13523,21,3,nan,nan,13
13523,21,3,nan,nan,13
13523,23,6,nan,nan,13
13523,23,90,nan,nan,13
13523,23,41,2,0.1,13
13523,23,89,2,0.1,13
13523,23,94,nan,nan,13
13523,23,41,2,0.1,13
13523,23,68,nan,nan,13
13523,23,82,nan,nan,13
13523,23,71,nan,nan,13
13523,23,54,nan,nan,13
13523,23,89,2,0.1,13
13523,23,1,nan,nan,13
13523,23,32,nan,nan,13
13523,26,25,nan,nan,13
13523,26,50,nan,nan,13
13523,26,99,nan,nan,13
13523,26,29,nan,nan,13
13523,26,75,nan,nan,13
13523,26,93,nan,nan,13
13523,26,71,nan,nan,13
13523,26,99,nan,nan,13
13523,26,43,nan,nan,13
13523,26,71,nan,nan,13
13523,26,15,nan,nan,13
13523,29,75,nan,nan,13
13523,29,55,nan,nan,13
13523,29,95,nan,nan,13
13523,29,62,nan,nan,13
13523,29,81,nan,nan,13
13523,29,41,nan,nan,13
13523,29,99,nan,nan,13
13523,29,55,nan,nan,13
13523,29,45,nan,nan,13
13523,29,68,nan,nan,13
13523,29,0,nan,nan,13
13523,29,13,nan,nan,13
13523,29,74,nan,nan,13
13523,29,75,nan,nan,13
13523,30,9,nan,nan,13
13523,30,90,nan,nan,13
13523,30,71,nan,nan,13
13523,30,42,nan,nan,13
13523,30,8,nan,nan,13
13523,30,44,nan,nan,13
13523,30,43,nan,nan,13
13523,30,66,nan,nan,13
13523,30,83,nan,nan,13
13523,30,7,nan,nan,13
13523,30,41,nan,nan,13
13523,30,78,nan,nan,13
13523,30,50,nan,nan,13
13523,30,35,nan,nan,13
13523,30,12,nan,nan,13
13523,31,67,nan,nan,13
13523,31,54,nan,nan,13
13523,31,76,nan,nan,13
13523,31,20,nan,nan,13
13523,31,52,nan,nan,13
13523,31,54,nan,nan,13
13523,31,26,nan,nan,13
13523,31,0,nan,nan,13
13523,31,54,nan,nan,13
13523,31,54,nan,nan,13
13523,31,20,nan,nan,13
13523,32,19,nan,nan,13
13523,32,1,nan,nan,13
13523,32,91,nan,nan,13
13523,32,56,nan,nan,13
13523,32,90,nan,nan,13
13523,32,20,nan,nan,13
13523,32,54,nan,nan,13
13523,32,62,nan,nan,13
13523,33,67,2,0.1,13
13523,33,42,nan,nan,13
13523,33,55,nan,nan,13
13523,33,7,nan,nan,13
13523,33,27,nan,nan,13
13523,33,97,nan,nan,13
13523,33,54,nan,nan,13
13523,33,57,nan,nan,13
13523,34,42,nan,nan,13
13523,34,57,nan,nan,13
13523,34,92,nan,nan,13
13523,34,41,nan,nan,13
13523,34,57,nan,nan,13
13523,34,40,nan,nan,13
13523,34,57,nan,nan,13
13523,34,37,nan,nan,13
13523,34,34,nan,nan,13
13523,34,66,nan,nan,13
13523,34,93,nan,nan,13
13523,34,36,nan,nan,13
13523,34,45,nan,nan,13
13523,36,58,nan,nan,13
13523,36,80,nan,nan,13
13523,36,25,2,0.1,13
13523,36,62,nan,nan,13
13523,36,25,2,0.1,13
13523,36,99,nan,nan,13
13523,36,72,nan,nan,13
13523,37,38,nan,nan,13
13523,37,44,nan,nan,13
13523,37,69,nan,nan,13
13523,37,24,nan,nan,13
13523,37,82,nan,nan,13
13523,37,25,nan,nan,13
13523,37,62,nan,nan,13
13523,37,66,nan,nan,13
13523,37,90,nan,nan,13
13523,37,85,nan,nan,13
13523,37,18,nan,nan,13
13523,37,28,nan,nan,13
13523,37,62,nan,nan,13
13523,37,92,nan,nan,13
13523,39,57,nan,nan,13
13523,39,74,nan,nan,13
13523,39,69,nan,nan,13
13523,39,91,nan,nan,13
13523,39,98,nan,nan,13
13523,39,85,nan,nan,13
13523,39,47,nan,nan,13
13523,39,68,1,0.25,13
13523,39,60,2,0.1,13
13523,39,36,0,0.5,13
13523,41,92,nan,nan,13
13523,41,42,nan,nan,13
13523,41,96,nan,nan,13
13523,41,15,nan,nan,13
13523,41,61,nan,nan,13
13523,41,48,nan,nan,13
13523,41,42,nan,nan,13
13523,41,96,nan,nan,13
13523,41,11,nan,nan,13
13523,43,11,2,0.1,13
13523,43,31,nan,nan,13
13523,43,96,nan,nan,13
13523,43,90,2,0.1,13
13523,43,44,2,0.1,13
13523,43,42,nan,nan,13
13523,43,68,2,0.1,13
13523,43,38,nan,nan,13
13523,43,6,nan,nan,13
13523,43,11,2,0.1,13
13523,43,94,1,0.25,13
13523,43,62,2,0.1,13
13523,44,96,2,0.1,13
13523,44,20,nan,nan,13
13523,44,70,nan,nan,13
13523,44,23,nan,nan,13
13523,44,8,nan,nan,13
13523,44,94,nan,nan,13
13523,44,19,nan,nan,13
13523,44,31,2,0.1,13
13523,44,81,nan,nan,13
13523,44,96,2,0.1,13
13523,44,38,nan,nan,13
13523,45,4,nan,nan,13
13523,45,82,nan,nan,13
13523,45,2,nan,nan,13
13523,45,44,nan,nan,13
13523,45,99,nan,nan,13
13523,45,24,nan,nan,13
13523,45,8,nan,nan,13
13523,45,54,nan,nan,13
13523,45,64,nan,nan,13
13523,45,70,nan,nan,13
13523,46,8,nan,nan,13
13523,46,8,nan,nan,13
13523,46,64,nan,nan,13
13523,46,35,nan,nan,13
13523,46,79,nan,nan,13
13523,46,50,nan,nan,13
13523,46,31,nan,nan,13
13523,46,60,nan,nan,13
13523,46,91,nan,nan,13
13523,46,82,nan,nan,13
13523,46,25,nan,nan,13
13523,46,27,nan,nan,13
13523,48,66,nan,nan,13
13523,48,68,nan,nan,13
13523,48,59,2,0.1,13
13523,48,31,2,0.1,13
13523,48,60,nan,nan,13
13523,48,68,nan,nan,13
13523,48,48,nan,nan,13
13523,48,98,nan,nan,13
13523,48,49,nan,nan,13
13523,48,34,nan,nan,13
13523,48,26,nan,nan,13
13523,48,6,0,0.5,13
13523,48,81,nan,nan,13
13523,48,47,2,0.1,13
13523,50,83,nan,nan,13
13523,50,96,2,0.1,13
13523,50,12,nan,nan,13
13523,50,8,nan,nan,13
13523,50,13,nan,nan,13
13523,50,34,nan,nan,13
13523,50,8,nan,nan,13
13523,50,87,nan,nan,13
13523,50,39,nan,nan,13
13523,50,95,nan,nan,13
13523,50,31,2,0.1,13
13523,50,6,nan,nan,13
13523,50,76,nan,nan,13
13523,50,90,2,0.1,13
13523,52,9,nan,nan,13
13523,52,94,nan,nan,13
13523,52,88,nan,nan,13
13523,52,68,nan,nan,13
13523,52,44,nan,nan,13
13523,52,37,nan,nan,13
13523,52,22,nan,nan,13
13523,52,81,3,0.33,13
13523,52,53,nan,nan,13
13523,52,71,2,0.1,13
13523,52,0,nan,nan,13
13523,53,86,nan,nan,13
13523,53,67,nan,nan,13
13523,53,65,nan,nan,13
13523,53,30,nan,nan,13
13523,53,45,nan,nan,13
13523,53,12,nan,nan,13
13523,53,90,nan,nan,13
13523,53,44,nan,nan,13
13523,53,79,nan,nan,13
13523,53,10,nan,nan,13
13523,53,12,nan,nan,13
13523,53,15,nan,nan,13
13523,53,41,2,0.1,13
13523,54,60,nan,nan,13
13523,54,84,nan,nan,13
13523,54,53,nan,nan,13
13523,54,65,nan,nan,13
13523,54,90,nan,nan,13
13523,54,37,nan,nan,13
13523,54,37,nan,nan,13
13523,54,21,nan,nan,13
13523,54,3,nan,nan,13
13523,55,52,nan,nan,13
13523,55,59,nan,nan,13
13523,55,74,nan,nan,13
13523,55,49,nan,nan,13
13523,55,53,nan,nan,13
13523,55,84,nan,nan,13
13523,55,5,nan,nan,13
13523,55,59,nan,nan,13
13523,55,42,nan,nan,13
13523,56,23,nan,nan,13
13523,56,81,nan,nan,13
13523,56,23,nan,nan,13
13523,56,27,nan,nan,13
13523,56,61,nan,nan,13
13523,56,64,nan,nan,13
13523,56,83,nan,nan,13
13523,56,3,nan,nan,13
13523,59,33,nan,nan,13
13523,59,65,nan,nan,13
13523,59,18,nan,nan,13
13523,59,71,nan,nan,13
13523,59,54,nan,nan,13
13523,59,47,nan,nan,13
13523,59,1,nan,nan,13
13523,60,96,nan,nan,13
13523,60,26,nan,nan,13
13523,60,69,nan,nan,13
13523,60,21,nan,nan,13
13523,60,26,nan,nan,13
13523,60,63,nan,nan,13
13523,60,12,nan,nan,13
13523,60,61,nan,nan,13
13523,60,56,nan,nan,13
13523,60,63,nan,nan,13
13523,60,63,nan,nan,13
13523,60,26,nan,nan,13
13523,60,69,nan,nan,13
13523,60,65,nan,nan,13
13523,60,71,nan,nan,13
13523,60,26,nan,nan,13
13523,60,65,nan,nan,13
13523,60,82,nan,nan,13
13523,60,65,nan,nan,13
13523,61,82,nan,nan,13
13523,61,55,nan,nan,13
13523,61,21,nan,nan,13
13523,61,53,nan,nan,13
13523,61,74,nan,nan,13
13523,61,82,nan,nan,13
13523,61,90,nan,nan,13
13523,61,82,nan,nan,13
13523,61,21,nan,nan,13
13523,61,54,nan,nan,13
13523,61,55,nan,nan,13
13523,61,21,nan,nan,13
13523,61,54,nan,nan,13
13523,61,9,nan,nan,13
13523,61,8,nan,nan,13
13523,61,26,nan,nan,13
13523,61,90,nan,nan,13
13523,61,98,nan,nan,13
13523,61,26,nan,nan,13
13523,63,80,nan,nan,13
13523,63,38,nan,nan,13
13523,63,51,1,0.25,13
13523,63,41,nan,nan,13
13523,63,36,nan,nan,13
13523,63,80,nan,nan,13
13523,63,14,nan,nan,13
13523,63,33,nan,nan,13
13523,63,41,nan,nan,13
13523,66,15,nan,nan,13
13523,66,93,nan,nan,13
13523,66,50,nan,nan,13
13523,66,4,nan,nan,13
13523,66,15,nan,nan,13
13523,66,78,nan,nan,13
13523,66,37,nan,nan,13
13523,66,95,nan,nan,13
13523,66,93,nan,nan,13
13523,66,52,nan,nan,13
13523,66,59,nan,nan,13
13523,66,91,nan,nan,13
13523,67,23,nan,nan,13
13523,67,5,nan,nan,13
13523,67,71,nan,nan,13
13523,67,55,4,0.41,13
13523,67,61,nan,nan,13
13523,67,87,nan,nan,13
13523,67,92,nan,nan,13
13523,67,4,nan,nan,13
13523,67,47,nan,nan,13
13523,67,31,2,0.1,13
13523,67,71,nan,nan,13
13523,67,60,nan,nan,13
13523,67,61,nan,nan,13
13523,67,61,nan,nan,13
13523,67,51,nan,nan,13
13523,67,60,nan,nan,13
13523,68,54,nan,nan,13
13523,68,12,nan,nan,13
13523,68,23,nan,nan,13
13523,68,90,2,0.1,13
13523,68,87,nan,nan,13
13523,68,90,2,0.1,13
13523,68,56,3,0.25,13
13523,68,72,nan,nan,13
13523,68,33,nan,nan,13
13523,68,56,3,0.25,13
13523,68,34,nan,nan,13
13523,68,89,nan,nan,13
13523,69,87,nan,nan,13
13523,69,81,nan,nan,13
13523,69,89,nan,nan,13
13523,69,44,nan,nan,13
13523,69,13,nan,nan,13
13523,69,37,nan,nan,13
13523,69,89,nan,nan,13
13523,69,56,nan,nan,13
13523,69,60,nan,nan,13
13523,69,37,nan,nan,13
13523,69,72,nan,nan,13
13523,69,47,nan,nan,13
13523,69,42,nan,nan,13
13523,72,3,nan,nan,13
13523,72,1,nan,nan,13
13523,72,37,nan,nan,13
13523,72,60,nan,nan,13
13523,72,59,nan,nan,13
13523,72,95,nan,nan,13
13523,72,8,nan,nan,13
13523,72,94,nan,nan,13
13523,77,71,nan,nan,13
13523,77,68,nan,nan,13
13523,77,68,nan,nan,13
13523,77,68,nan,nan,13
13523,77,66,nan,nan,13
13523,77,2,nan,nan,13
13523,77,93,nan,nan,13
13523,77,71,nan,nan,13
13523,77,12,nan,nan,13
13523,77,25,nan,nan,13
13523,79,37,nan,nan,13
13523,79,17,nan,nan,13
13523,79,66,nan,nan,13
13523,79,66,nan,nan,13
13523,79,23,nan,nan,13
13523,79,89,nan,nan,13
13523,79,43,nan,nan,13
13523,79,61,nan,nan,13
13523,82,91,nan,nan,13
13523,82,6,nan,nan,13
13523,82,63,nan,nan,13
13523,82,68,nan,nan,13
13523,82,50,nan,nan,13
13523,82,84,2,0.1,13
13523,82,95,nan,nan,13
13523,82,77,nan,nan,13
13523,82,46,nan,nan,13
13523,82,11,nan,nan,13
13523,82,61,nan,nan,13
13523,82,91,nan,nan,13
13523,82,36,nan,nan,13
13523,82,42,0,0.5,13
13523,85,7,nan,nan,13
13523,85,7,nan,nan,13
13523,85,73,nan,nan,13
13523,85,15,nan,nan,13
13523,85,35,nan,nan,13
13523,85,76,nan,nan,13
13523,85,12,nan,nan,13
13523,85,94,nan,nan,13
13523,85,62,nan,nan,13
13523,86,80,nan,nan,13
13523,86,7,nan,nan,13
13523,86,36,nan,nan,13
13523,86,86,nan,nan,13
13523,86,36,nan,nan,13
13523,86,68,0,0.5,13
13523,86,81,nan,nan,13
13523,86,79,nan,nan,13
13523,86,36,nan,nan,13
13523,86,33,2,0.1,13
13523,86,45,nan,nan,13
13523,86,71,nan,nan,13
13523,88,36,nan,nan,13
13523,88,60,nan,nan,13
13523,88,80,nan,nan,13
13523,88,42,nan,nan,13
13523,88,81,nan,nan,13
13523,88,85,nan,nan,13
13523,88,78,nan,nan,13
13523,88,83,nan,nan,13
13523,88,54,nan,nan,13
13523,88,34,nan,nan,13
13523,88,42,nan,nan,13
13523,88,83,nan,nan,13
13523,88,57,nan,nan,13
13523,88,36,nan,nan,13
13523,88,0,nan,nan,13
13523,88,80,nan,nan,13
13523,88,57,nan,nan,13
13523,90,39,nan,nan,13
13523,90,57,nan,nan,13
13523,90,42,nan,nan,13
13523,90,46,nan,nan,13
13523,90,7,nan,nan,13
13523,90,37,nan,nan,13
13523,90,57,nan,nan,13
13523,90,85,nan,nan,13
13523,90,57,nan,nan,13
13523,90,78,nan,nan,13
13523,90,37,nan,nan,13
13523,90,69,nan,nan,13
13523,91,7,nan,nan,13
13523,91,79,nan,nan,13
13523,91,98,nan,nan,13
13523,91,83,nan,nan,13
13523,91,23,nan,nan,13
13523,91,69,nan,nan,13
13523,91,96,nan,nan,13
13523,91,48,nan,nan,13
13523,91,11,nan,nan,13
13523,91,39,nan,nan,13
13523,92,2,2,0.1,13
13523,92,74,nan,nan,13
13523,92,84,nan,nan,13
13523,92,42,nan,nan,13
13523,92,30,nan,nan,13
13523,92,11,2,0.1,13
13523,92,95,nan,nan,13
13523,92,11,2,0.1,13
13523,92,90,2,0.1,13
13523,92,51,nan,nan,13
13523,94,18,nan,nan,13
13523,94,72,nan,nan,13
13523,94,38,nan,nan,13
13523,94,40,nan,nan,13
13523,94,25,nan,nan,13
13523,94,11,nan,nan,13
13523,94,33,nan,nan,13
13523,94,96,nan,nan,13
13523,94,95,nan,nan,13
13523,94,71,nan,nan,13
13523,103,28,nan,nan,13
13523,103,47,nan,nan,13
13523,103,12,nan,nan,13
13523,103,44,nan,nan,13
13523,103,98,nan,nan,13
13523,103,2,nan,nan,13
13523,103,41,nan,nan,13
13523,103,8,nan,nan,13
13523,103,71,nan,nan,13
13523,103,55,nan,nan,13
13523,103,41,nan,nan,13
13523,103,81,2,0.1,13
13523,103,77,nan,nan,13
13523,104,34,nan,nan,13
13523,104,74,nan,nan,13
13523,104,10,nan,nan,13
13523,104,44,nan,nan,13
13523,104,75,nan,nan,13
13523,104,8,nan,nan,13
13523,104,90,nan,nan,13
13523,104,8,nan,nan,13
13523,104,59,nan,nan,13
13523,104,61,nan,nan,13
13523,104,85,nan,nan,13
13523,110,76,nan,nan,13
13523,110,76,nan,nan,13
13523,110,53,nan,nan,13
13523,110,65,nan,nan,13
13523,110,23,nan,nan,13
13523,110,70,nan,nan,13
13523,110,69,nan,nan,13
13523,110,51,nan,nan,13
13523,115,16,nan,nan,13
13523,115,9,nan,nan,13
13523,115,51,nan,nan,13
13523,115,35,nan,nan,13
13523,115,51,nan,nan,13
13523,115,80,nan,nan,13
13523,115,37,nan,nan,13
13523,115,8,nan,nan,13
13523,115,54,nan,nan,13
13523,115,79,nan,nan,13
13523,115,51,nan,nan,13
13523,115,61,nan,nan,13
13523,115,32,nan,nan,13
13523,115,23,nan,nan,13
13523,115,98,nan,nan,13
13523,115,84,nan,nan,13
13523,115,68,nan,nan,13
13523,115,18,nan,nan,13
13523,116,63,nan,nan,13
13523,116,44,nan,nan,13
13523,116,13,nan,nan,13
13523,116,58,nan,nan,13
13523,116,96,nan,nan,13
13523,116,51,nan,nan,13
13523,116,12,nan,nan,13
13523,116,18,nan,nan,13
13523,116,25,nan,nan,13
13523,116,9,nan,nan,13
13523,116,34,nan,nan,13
13523,116,18,nan,nan,13
13523,119,63,nan,nan,13
13523,119,57,nan,nan,13
13523,119,80,nan,nan,13
13523,119,15,nan,nan,13
13523,119,41,nan,nan,13
13523,119,4,nan,nan,13
13523,119,63,nan,nan,13
13523,119,0,nan,nan,13
13523,119,60,nan,nan,13
13523,119,30,nan,nan,13
13523,119,32,nan,nan,13
13523,119,72,nan,nan,13
13523,121,97,nan,nan,13
13523,121,86,1,0.25,13
13523,121,12,1,0.25,13
13523,121,27,nan,nan,13
13523,121,80,2,0.1,13
13523,121,90,nan,nan,13
13523,121,74,nan,nan,13
13523,121,61,nan,nan,13
13523,121,93,4,0.05,13
13523,121,82,nan,nan,13
13523,121,85,nan,nan,13
13523,121,12,1,0.25,13
13523,125,95,nan,nan,13
13523,125,90,nan,nan,13
13523,125,3,nan,nan,13
13523,125,58,nan,nan,13
13523,125,89,nan,nan,13
13523,125,17,nan,nan,13
13523,125,47,2,0.1,13
13523,125,47,2,0.1,13
13523,125,82,2,0.1,13
13523,125,47,2,0.1,13
13523,125,56,nan,nan,13
13523,125,81,nan,nan,13
13523,125,97,nan,nan,13
13523,125,3,nan,nan,13
13523,125,16,nan,nan,13
13523,125,37,0,0.5,13
13523,125,3,nan,nan,13
13523,126,3,nan,nan,13
13523,126,44,nan,nan,13
13523,126,81,nan,nan,13
13523,126,41,nan,nan,13
13523,126,37,nan,nan,13
13523,126,40,nan,nan,13
13523,126,90,nan,nan,13
13523,126,83,nan,nan,13
13523,126,37,nan,nan,13
13523,126,68,nan,nan,13
13523,126,52,nan,nan,13
13523,126,3,nan,nan,13
13523,126,64,nan,nan,13
13523,126,22,nan,nan,13
13523,126,16,nan,nan,13
13523,126,45,nan,nan,13
13523,127,99,nan,nan,13
13523,127,99,nan,nan,13
13523,127,24,nan,nan,13
13523,127,68,nan,nan,13
13523,127,24,nan,nan,13
13523,127,42,nan,nan,13
13523,127,97,nan,nan,13
13523,127,72,nan,nan,13
13523,127,51,nan,nan,13
13523,129,99,nan,nan,13
13523,129,2,nan,nan,13
13523,129,37,nan,nan,13
13523,129,29,nan,nan,13
13523,129,66,1,0.25,13
13523,129,26,2,0.1,13
13523,129,56,nan,nan,13
13523,129,10,2,0.1,13
13523,129,71,3,0.25,13
13523,129,40,nan,nan,13
13523,129,68,1,0.25,13
13523,129,99,nan,nan,13
13523,129,79,nan,nan,13
13523,129,71,3,0.25,13
13523,129,2,nan,nan,13
13523,129,29,nan,nan,13
13523,129,37,nan,nan,13
13523,130,71,3,0.25,13
13523,130,99,nan,nan,13
13523,130,15,nan,nan,13
13523,130,66,1,0.25,13
13523,130,71,3,0.25,13
13523,130,20,1,0.25,13
13523,130,68,1,0.25,13
13523,130,62,2,0.1,13
13523,130,15,nan,nan,13
13523,131,95,nan,nan,13
13523,131,71,nan,nan,13
13523,131,37,nan,nan,13
13523,131,99,nan,nan,13
13523,131,43,nan,nan,13
13523,131,7,nan,nan,13
13523,131,18,nan,nan,13
13523,131,62,nan,nan,13
13523,131,29,nan,nan,13
13523,133,75,nan,nan,13
13523,133,83,3,0.5,13
13523,133,90,nan,nan,13
13523,133,85,1,0.25,13
13523,133,44,2,0.1,13
13523,133,81,nan,nan,13
13523,133,83,3,0.5,13
13523,135,66,nan,nan,13
13523,135,52,nan,nan,13
13523,135,71,nan,nan,13
13523,135,20,nan,nan,13
13523,135,7,nan,nan,13
13523,135,71,nan,nan,13
13523,135,23,nan,nan,13
13523,135,20,nan,nan,13
13523,135,19,nan,nan,13
13523,135,91,nan,nan,13
13523,135,60,nan,nan,13
13523,135,75,nan,nan,13
13523,135,20,nan,nan,13
13523,135,37,nan,nan,13
13523,137,66,nan,nan,13
13523,137,12,3,0.25,13
13523,137,17,nan,nan,13
13523,137,23,nan,nan,13
13523,137,15,nan,nan,13
13523,137,52,nan,nan,13
13523,139,32,nan,nan,13
13523,139,92,nan,nan,13
13523,139,12,nan,nan,13
13523,139,57,nan,nan,13
13523,139,36,nan,nan,13
13523,139,36,nan,nan,13
13523,139,80,nan,nan,13
13523,139,92,nan,nan,13
13523,140,36,nan,nan,13
13523,140,57,nan,nan,13
13523,140,80,nan,nan,13
13523,140,7,nan,nan,13
13523,140,49,nan,nan,13
13523,140,75,nan,nan,13
13523,140,60,nan,nan,13
13523,140,47,nan,nan,13
13523,140,80,nan,nan,13
13523,140,42,nan,nan,13
13523,140,92,nan,nan,13
13523,140,83,nan,nan,13
13523,140,78,nan,nan,13
13523,140,96,nan,nan,13
13523,140,41,nan,nan,13
13523,140,42,nan,nan,13
13523,141,83,nan,nan,13
13523,141,78,nan,nan,13
13523,141,85,nan,nan,13
13523,141,92,nan,nan,13
13523,141,83,nan,nan,13
13523,141,62,nan,nan,13
13523,141,37,nan,nan,13
13523,141,69,nan,nan,13
13523,141,97,nan,nan,13
13523,141,35,nan,nan,13
13523,141,62,nan,nan,13
13523,141,62,nan,nan,13
13523,141,68,nan,nan,13
13523,141,80,nan,nan,13
13523,141,80,nan,nan,13
13523,141,24,nan,nan,13
13523,142,80,nan,nan,13
13523,142,31,nan,nan,13
13523,142,85,nan,nan,13
13523,142,94,nan,nan,13
13523,142,92,nan,nan,13
13523,142,12,nan,nan,13
13523,142,68,3,0.25,13
13523,142,99,nan,nan,13
13523,142,11,nan,nan,13
13523,142,41,nan,nan,13
13523,142,92,nan,nan,13
13523,142,12,nan,nan,13
13523,142,85,nan,nan,13
13523,142,13,nan,nan,13
13523,142,71,1,0.25,13
13523,146,5,nan,nan,13
13523,146,54,nan,nan,13
13523,146,52,nan,nan,13
13523,146,2,nan,nan,13
13523,146,50,nan,nan,13
13523,146,96,nan,nan,13
13523,146,43,nan,nan,13
13523,146,31,nan,nan,13
13523,146,2,nan,nan,13
13523,146,6,nan,nan,13
13523,147,40,nan,nan,13
13523,147,68,nan,nan,13
13523,147,15,nan,nan,13
13523,147,23,nan,nan,13
13523,147,25,nan,nan,13
13523,147,12,nan,nan,13
13523,147,31,nan,nan,13
13523,147,68,nan,nan,13
13523,147,70,nan,nan,13
13523,147,38,nan,nan,13
13523,147,44,nan,nan,13
13523,147,33,nan,nan,13
13523,147,80,nan,nan,13
13523,147,12,nan,nan,13
13523,147,52,nan,nan,13
13523,147,44,nan,nan,13
13523,148,60,nan,nan,13
13523,148,93,nan,nan,13
13523,148,94,nan,nan,13
13523,148,38,nan,nan,13
13523,148,56,nan,nan,13
13523,148,64,1,0.25,13
13523,148,78,2,0.1,13
13523,148,97,0,0.5,13
13523,148,63,nan,nan,13
13523,148,77,nan,nan,13
13523,148,31,nan,nan,13
13523,148,42,nan,nan,13
13523,148,94,nan,nan,13
13523,148,30,2,0.1,13
13523,148,61,1,0.25,13
13523,148,40,nan,nan,13
13523,148,88,nan,nan,13
13523,148,66,nan,nan,13
13523,148,72,nan,nan,13
13523,154,23,nan,nan,13
13523,154,60,nan,nan,13
13523,154,31,nan,nan,13
13523,154,80,nan,nan,13
13523,154,4,nan,nan,13
13523,154,31,nan,nan,13
13523,154,51,nan,nan,13
13523,154,63,nan,nan,13
13523,154,61,nan,nan,13
13523,155,80,nan,nan,13
13523,155,21,nan,nan,13
13523,155,32,nan,nan,13
13523,155,50,nan,nan,13
13523,155,8,nan,nan,13
13523,155,49,nan,nan,13
13523,155,8,nan,nan,13
13523,155,8,nan,nan,13
13523,20,11,1,0.25,13
13523,15,18,1,0.25,13
13523,75,19,2,0.1,13
13523,133,22,0,0.5,13
13523,67,26,0,0.5,13
13523,125,37,0,0.5,13
13523,125,83,1,0.25,13
13523,22,42,3,0.33,13
13523,64,42,1,0.25,13
13523,64,42,1,0.25,13
13523,86,42,0,0.5,13
13523,86,68,0,0.5,13
13523,112,46,3,0.5,13
13523,112,46,3,0.5,13
13523,151,62,0,0.5,13
13523,151,95,1,0.25,13
13523,3,63,1,0.25,13
13523,63,66,0,0.5,13
13523,21,67,4,0.5,13
13523,21,67,4,0.5,13
13523,142,83,1,0.25,13
13523,5,86,0,0.5,13
13523,52,89,3,0.25,13
13523,44,90,2,0.1,13
13523,83,90,1,0.25,13
13523,152,93,0,0.5,13
13523,153,99,0,0.5,13
13524,5,91,nan,nan,21
13524,5,29,nan,nan,21
13524,10,65,nan,nan,21
13524,10,45,nan,nan,21
13524,10,71,nan,nan,21
13524,10,63,nan,nan,21
13524,12,80,nan,nan,21
13524,17,79,nan,nan,21
13524,17,44,nan,nan,21
13524,26,98,nan,nan,21
13524,26,44,nan,nan,21
13524,26,99,nan,nan,21
13524,32,27,nan,nan,21
13524,32,19,nan,nan,21
13524,32,39,nan,nan,21
13524,32,29,nan,nan,21
13524,35,80,nan,nan,21
13524,35,36,nan,nan,21
13524,36,93,nan,nan,21
13524,36,35,nan,nan,21
13524,38,34,nan,nan,21
13524,41,39,nan,nan,21
13524,41,87,nan,nan,21
13524,41,80,nan,nan,21
13524,45,94,nan,nan,21
13524,48,57,nan,nan,21
13524,48,29,nan,nan,21
13524,48,13,nan,nan,21
13524,51,31,nan,nan,21
13524,51,85,nan,nan,21
13524,51,55,nan,nan,21
13524,51,71,nan,nan,21
13524,63,24,nan,nan,21
13524,65,14,nan,nan,21
13524,65,94,nan,nan,21
13524,65,81,2,0.1,21
13524,65,33,nan,nan,21
13524,68,47,nan,nan,21
13524,68,16,nan,nan,21
13524,69,34,nan,nan,21
13524,78,71,nan,nan,21
13524,78,54,nan,nan,21
13524,80,9,1,0.25,21
13524,80,98,nan,nan,21
13524,80,15,nan,nan,21
13524,80,2,nan,nan,21
13524,80,97,2,0.1,21
13524,98,50,nan,nan,21
13524,98,43,nan,nan,21
13524,100,6,nan,nan,21
13524,100,31,nan,nan,21
13524,112,7,nan,nan,21
13524,113,21,nan,nan,21
13524,114,18,nan,nan,21
13524,114,18,nan,nan,21
13524,122,87,nan,nan,21
13524,122,44,nan,nan,21
13524,125,58,nan,nan,21
13524,125,95,nan,nan,21
13524,125,54,3,0.25,21
13524,126,15,nan,nan,21
13524,127,83,nan,nan,21
13524,127,56,nan,nan,21
13524,127,60,nan,nan,21
13524,128,45,nan,nan,21
13524,128,86,nan,nan,21
13524,128,35,nan,nan,21
13524,128,19,nan,nan,21
13524,144,42,nan,nan,21
13524,146,74,nan,nan,21
13524,146,81,2,0.1,21
13524,148,46,nan,nan,21
13524,148,18,nan,nan,21
13524,148,31,nan,nan,21
13524,148,78,2,0.1,21
13524,148,40,nan,nan,21
13524,150,56,nan,nan,21
13524,150,85,2,0.1,21
13524,151,31,3,0.25,21
13524,154,6,nan,nan,21
13524,21,2,1,0.25,21
13524,21,42,1,0.25,21
13524,21,65,1,0.25,21
13524,151,4,0,0.5,21
13524,149,7,2,0.1,21
13524,149,69,3,0.33,21
13524,7,15,0,0.5,21
13524,107,19,2,0.1,21
13524,133,22,0,0.5,21
13524,3,29,1,0.25,21
13524,49,34,nan,nan,21
13524,71,42,2,0.1,21
13524,76,53,1,0.25,21
13524,102,54,1,0.25,21
13524,64,66,0,0.5,21
13524,142,68,3,0.25,21
13524,106,79,0,0.5,21
13524,140,90,3,0.25,21
13524,80,94,1,0.25,21
13524,121,99,0,0.5,21
13525,1,62,nan,nan,27
13525,1,99,1,0.25,27
13525,1,83,nan,nan,27
13525,1,39,nan,nan,27
13525,2,90,nan,nan,27
13525,2,29,nan,nan,27
13525,2,84,nan,nan,27
13525,2,19,nan,nan,27
13525,2,53,nan,nan,27
13525,2,65,nan,nan,27
13525,3,94,nan,nan,27
13525,3,84,nan,nan,27
13525,3,80,nan,nan,27
13525,3,53,nan,nan,27
13525,4,5,nan,nan,27
13525,4,2,nan,nan,27
13525,4,95,nan,nan,27
13525,4,80,nan,nan,27
13525,4,80,nan,nan,27
13525,4,94,nan,nan,27
13525,4,59,nan,nan,27
13525,4,53,nan,nan,27
13525,5,56,nan,nan,27
13525,5,68,nan,nan,27
13525,5,90,nan,nan,27
13525,8,14,nan,nan,27
13525,8,18,nan,nan,27
13525,8,26,2,0.1,27
13525,8,3,nan,nan,27
13525,15,74,nan,nan,27
13525,15,37,nan,nan,27
13525,15,71,nan,nan,27
13525,15,40,0,0.5,27
13525,15,22,nan,nan,27
13525,15,99,nan,nan,27
13525,15,60,nan,nan,27
13525,15,14,nan,nan,27
13525,21,99,nan,nan,27
13525,21,8,nan,nan,27
13525,21,51,nan,nan,27
13525,21,66,nan,nan,27
13525,21,54,nan,nan,27
13525,25,93,nan,nan,27
13525,25,8,nan,nan,27
13525,27,66,nan,nan,27
13525,27,29,nan,nan,27
13525,27,52,nan,nan,27
13525,27,15,nan,nan,27
13525,27,71,nan,nan,27
13525,29,29,nan,nan,27
13525,29,36,nan,nan,27
13525,29,66,nan,nan,27
13525,29,37,nan,nan,27
13525,29,12,nan,nan,27
13525,29,70,nan,nan,27
13525,30,29,nan,nan,27
13525,30,99,nan,nan,27
13525,30,92,nan,nan,27
13525,30,66,nan,nan,27
13525,39,69,nan,nan,27
13525,39,52,nan,nan,27
13525,39,6,nan,nan,27
13525,39,48,nan,nan,27
13525,39,60,2,0.1,27
13525,40,44,2,0.1,27
13525,42,17,nan,nan,27
13525,42,71,nan,nan,27
13525,42,33,nan,nan,27
13525,42,31,nan,nan,27
13525,42,44,2,0.1,27
13525,44,84,nan,nan,27
13525,44,31,2,0.1,27
13525,47,15,nan,nan,27
13525,47,69,nan,nan,27
13525,47,63,0,0.5,27
13525,48,73,nan,nan,27
13525,48,83,nan,nan,27
13525,48,29,nan,nan,27
13525,48,34,nan,nan,27
13525,48,89,nan,nan,27
13525,48,63,nan,nan,27
13525,48,4,nan,nan,27
13525,49,26,nan,nan,27
13525,49,71,nan,nan,27
13525,49,95,nan,nan,27
13525,49,99,nan,nan,27
13525,49,12,nan,nan,27
13525,49,8,nan,nan,27
13525,51,8,nan,nan,27
13525,51,23,nan,nan,27
13525,51,8,nan,nan,27
13525,51,16,nan,nan,27
13525,51,1,nan,nan,27
13525,54,55,nan,nan,27
13525,54,14,nan,nan,27
13525,58,11,nan,nan,27
13525,58,50,nan,nan,27
13525,58,34,nan,nan,27
13525,58,69,nan,nan,27
13525,58,78,nan,nan,27
13525,61,16,nan,nan,27
13525,61,97,nan,nan,27
13525,61,82,nan,nan,27
13525,61,12,nan,nan,27
13525,61,21,nan,nan,27
13525,62,44,nan,nan,27
13525,62,12,nan,nan,27
13525,62,42,nan,nan,27
13525,62,51,nan,nan,27
13525,63,67,nan,nan,27
13525,63,2,nan,nan,27
13525,63,69,nan,nan,27
13525,63,55,nan,nan,27
13525,63,76,nan,nan,27
13525,63,27,nan,nan,27
13525,63,83,nan,nan,27
13525,63,41,nan,nan,27
13525,63,99,nan,nan,27
13525,64,50,nan,nan,27
13525,64,18,nan,nan,27
13525,64,41,nan,nan,27
13525,64,14,nan,nan,27
13525,64,98,nan,nan,27
13525,64,18,nan,nan,27
13525,64,26,nan,nan,27
13525,65,85,nan,nan,27
13525,65,64,nan,nan,27
13525,65,15,nan,nan,27
13525,65,42,nan,nan,27
13525,65,81,nan,nan,27
13525,71,16,nan,nan,27
13525,71,76,nan,nan,27
13525,71,79,nan,nan,27
13525,71,87,2,0.1,27
13525,71,90,2,0.1,27
13525,71,16,nan,nan,27
13525,71,2,nan,nan,27
13525,71,10,nan,nan,27
13525,72,74,nan,nan,27
13525,72,0,nan,nan,27
13525,72,73,nan,nan,27
13525,72,12,nan,nan,27
13525,73,96,nan,nan,27
13525,73,14,nan,nan,27
13525,73,54,nan,nan,27
13525,73,79,nan,nan,27
13525,73,18,nan,nan,27
13525,73,86,nan,nan,27
13525,73,58,nan,nan,27
13525,74,98,0,0.5,27
13525,74,3,nan,nan,27
13525,74,37,nan,nan,27
13525,74,58,nan,nan,27
13525,74,71,0,0.5,27
13525,74,22,nan,nan,27
13525,75,61,nan,nan,27
13525,75,39,nan,nan,27
13525,75,54,nan,nan,27
13525,75,24,nan,nan,27
13525,75,35,nan,nan,27
13525,78,5,3,0.25,27
13525,78,93,nan,nan,27
13525,78,20,nan,nan,27
13525,78,93,nan,nan,27
13525,78,99,nan,nan,27
13525,78,42,nan,nan,27
13525,79,33,nan,nan,27
13525,79,5,nan,nan,27
13525,79,49,nan,nan,27
13525,80,70,nan,nan,27
13525,80,90,nan,nan,27
13525,80,71,nan,nan,27
13525,80,17,nan,nan,27
13525,80,66,nan,nan,27
13525,80,43,nan,nan,27
13525,81,74,nan,nan,27
13525,81,51,nan,nan,27
13525,81,66,nan,nan,27
13525,81,71,nan,nan,27
13525,81,65,2,0.1,27
13525,81,74,nan,nan,27
13525,81,71,nan,nan,27
13525,81,6,nan,nan,27
13525,81,6,nan,nan,27
13525,82,68,nan,nan,27
13525,82,12,nan,nan,27
13525,82,99,nan,nan,27
13525,82,66,nan,nan,27
13525,84,36,nan,nan,27
13525,85,15,nan,nan,27
13525,85,5,nan,nan,27
13525,85,0,nan,nan,27
13525,85,41,nan,nan,27
13525,85,44,nan,nan,27
13525,85,60,nan,nan,27
13525,85,56,nan,nan,27
13525,87,4,nan,nan,27
13525,87,36,nan,nan,27
13525,87,14,nan,nan,27
13525,87,75,nan,nan,27
13525,87,80,nan,nan,27
13525,88,85,nan,nan,27
13525,88,47,nan,nan,27
13525,88,62,nan,nan,27
13525,88,36,nan,nan,27
13525,88,83,nan,nan,27
13525,88,53,nan,nan,27
13525,90,10,nan,nan,27
13525,90,72,nan,nan,27
13525,90,69,nan,nan,27
13525,90,51,2,0.1,27
13525,90,75,nan,nan,27
13525,90,72,nan,nan,27
13525,91,42,2,0.1,27
13525,91,96,nan,nan,27
13525,91,20,nan,nan,27
13525,91,80,1,0.25,27
13525,92,89,nan,nan,27
13525,92,96,nan,nan,27
13525,92,95,nan,nan,27
13525,92,65,nan,nan,27
13525,92,11,2,0.1,27
13525,92,96,nan,nan,27
13525,92,75,nan,nan,27
13525,96,17,nan,nan,27
13525,97,89,nan,nan,27
13525,97,31,nan,nan,27
13525,97,24,nan,nan,27
13525,97,1,nan,nan,27
13525,99,71,nan,nan,27
13525,99,71,nan,nan,27
13525,99,37,nan,nan,27
13525,99,47,nan,nan,27
13525,99,8,nan,nan,27
13525,99,69,nan,nan,27
13525,100,11,nan,nan,27
13525,100,52,nan,nan,27
13525,100,37,nan,nan,27
13525,100,79,nan,nan,27
13525,100,6,nan,nan,27
13525,100,84,nan,nan,27
13525,101,86,nan,nan,27
13525,101,94,nan,nan,27
13525,101,54,nan,nan,27
13525,101,5,nan,nan,27
13525,101,56,nan,nan,27
13525,102,31,nan,nan,27
13525,102,37,nan,nan,27
13525,102,0,nan,nan,27
13525,104,12,nan,nan,27
13525,104,70,nan,nan,27
13525,104,71,nan,nan,27
13525,104,71,nan,nan,27
13525,104,54,nan,nan,27
13525,104,29,nan,nan,27
13525,104,71,nan,nan,27
13525,104,10,nan,nan,27
13525,106,84,nan,nan,27
13525,106,45,nan,nan,27
13525,106,72,nan,nan,27
13525,106,53,nan,nan,27
13525,106,39,nan,nan,27
13525,107,5,nan,nan,27
13525,107,55,nan,nan,27
13525,107,28,nan,nan,27
13525,107,62,nan,nan,27
13525,107,98,nan,nan,27
13525,107,12,nan,nan,27
13525,107,86,nan,nan,27
13525,108,34,1,0.25,27
13525,108,77,nan,nan,27
13525,108,59,nan,nan,27
13525,110,2,nan,nan,27
13525,110,3,nan,nan,27
13525,110,9,nan,nan,27
13525,110,5,nan,nan,27
13525,110,2,nan,nan,27
13525,111,64,nan,nan,27
13525,111,41,nan,nan,27
13525,111,58,nan,nan,27
13525,111,26,nan,nan,27
13525,111,94,nan,nan,27
13525,111,9,nan,nan,27
13525,111,34,nan,nan,27
13525,111,65,nan,nan,27
13525,115,49,nan,nan,27
13525,115,40,nan,nan,27
13525,115,56,nan,nan,27
13525,115,84,nan,nan,27
13525,116,30,nan,nan,27
13525,116,27,nan,nan,27
13525,116,71,nan,nan,27
13525,116,33,nan,nan,27
13525,116,18,nan,nan,27
13525,116,53,nan,nan,27
13525,116,91,nan,nan,27
13525,116,27,nan,nan,27
13525,116,41,nan,nan,27
13525,117,81,nan,nan,27
13525,117,87,nan,nan,27
13525,117,87,nan,nan,27
13525,117,33,nan,nan,27
13525,117,8,nan,nan,27
13525,117,62,nan,nan,27
13525,117,24,nan,nan,27
13525,117,19,nan,nan,27
13525,120,58,nan,nan,27
13525,120,16,nan,nan,27
13525,120,91,nan,nan,27
13525,120,84,nan,nan,27
13525,120,84,nan,nan,27
13525,126,99,nan,nan,27
13525,126,81,nan,nan,27
13525,126,81,nan,nan,27
13525,128,95,nan,nan,27
13525,128,71,nan,nan,27
13525,128,87,nan,nan,27
13525,128,6,nan,nan,27
13525,128,74,nan,nan,27
13525,128,48,nan,nan,27
13525,128,71,nan,nan,27
13525,128,68,nan,nan,27
13525,129,43,nan,nan,27
13525,129,37,nan,nan,27
13525,129,45,nan,nan,27
13525,129,37,nan,nan,27
13525,129,54,3,0.25,27
13525,129,71,3,0.25,27
13525,129,91,nan,nan,27
13525,132,44,2,0.1,27
13525,132,71,2,0.1,27
13525,132,66,nan,nan,27
13525,132,91,nan,nan,27
13525,132,66,nan,nan,27
13525,132,44,2,0.1,27
13525,132,29,nan,nan,27
13525,135,37,nan,nan,27
13525,135,46,nan,nan,27
13525,135,43,nan,nan,27
13525,138,30,nan,nan,27
13525,138,32,3,0.25,27
13525,138,57,nan,nan,27
13525,138,92,nan,nan,27
13525,138,36,nan,nan,27
13525,139,37,nan,nan,27
13525,139,48,nan,nan,27
13525,139,10,nan,nan,27
13525,139,62,nan,nan,27
13525,143,96,nan,nan,27
13525,143,12,nan,nan,27
13525,143,44,nan,nan,27
13525,143,64,nan,nan,27
13525,143,51,nan,nan,27
13525,143,43,nan,nan,27
13525,143,8,nan,nan,27
13525,145,23,nan,nan,27
13525,145,34,nan,nan,27
13525,145,64,nan,nan,27
13525,145,11,nan,nan,27
13525,145,64,nan,nan,27
13525,145,71,nan,nan,27
13525,145,68,nan,nan,27
13525,145,18,nan,nan,27
13525,145,11,nan,nan,27
13525,145,31,nan,nan,27
13525,152,9,nan,nan,27
13525,152,95,nan,nan,27
13525,152,47,nan,nan,27
13525,152,43,nan,nan,27
13525,152,50,nan,nan,27
13525,152,48,nan,nan,27
13525,152,25,nan,nan,27
13525,152,61,nan,nan,27
13525,152,30,nan,nan,27
13525,57,2,0,0.5,27
13525,110,10,3,0.25,27
13525,110,29,2,0.1,27
13525,33,12,3,0.25,27
13525,144,12,1,0.25,27
13525,144,56,1,0.25,27
13525,138,19,1,0.25,27
13525,141,19,0,0.5,27
13525,129,20,1,0.25,27
13525,86,26,0,0.5,27
13525,86,50,1,0.25,27
13525,86,69,1,0.25,27
13525,93,26,3,0.5,27
13525,93,37,1,0.25,27
13525,93,26,3,0.5,27
13525,36,29,3,0.25,27
13525,78,34,0,0.5,27
13525,78,67,4,0.5,27
13525,78,67,4,0.5,27
13525,35,42,0,0.5,27
13525,77,45,1,0.25,27
13525,132,53,0,0.5,27
13525,5,57,3,0.5,27
13525,5,57,3,0.5,27
13525,105,63,1,0.25,27
13525,8,66,1,0.25,27
13525,12,68,1,0.25,27
13525,1,76,1,0.25,27
13525,90,80,1,0.25,27
13525,128,83,1,0.25,27
13525,92,90,2,0.1,27
13525,53,96,0,0.5,27
13525,147,99,0,0.5,27
13526,0,42,nan,nan,12
13526,0,73,nan,nan,12
13526,0,23,nan,nan,12
13526,0,81,nan,nan,12
13526,0,62,nan,nan,12
13526,3,69,nan,nan,12
13526,3,53,nan,nan,12
13526,3,65,nan,nan,12
13526,3,79,nan,nan,12
13526,3,53,nan,nan,12
13526,3,20,nan,nan,12
13526,6,65,nan,nan,12
13526,6,2,nan,nan,12
13526,6,4,nan,nan,12
13526,6,45,nan,nan,12
13526,6,8,nan,nan,12
13526,6,35,nan,nan,12
13526,6,85,nan,nan,12
13526,8,65,nan,nan,12
13526,8,47,nan,nan,12
13526,8,14,nan,nan,12
13526,8,65,nan,nan,12
13526,8,65,nan,nan,12
13526,13,84,nan,nan,12
13526,13,50,nan,nan,12
13526,13,54,nan,nan,12
13526,13,67,nan,nan,12
13526,13,35,nan,nan,12
13526,14,4,3,0.33,12
13526,14,71,nan,nan,12
13526,14,88,nan,nan,12
13526,14,8,nan,nan,12
13526,14,61,nan,nan,12
13526,14,50,nan,nan,12
13526,15,33,nan,nan,12
13526,15,87,2,0.1,12
13526,16,22,nan,nan,12
13526,16,35,nan,nan,12
13526,16,13,nan,nan,12
13526,16,45,nan,nan,12
13526,16,15,nan,nan,12
13526,16,85,nan,nan,12
13526,16,87,nan,nan,12
13526,17,10,nan,nan,12
13526,17,9,nan,nan,12
13526,17,89,nan,nan,12
13526,17,66,nan,nan,12
13526,17,51,2,0.1,12
13526,17,18,nan,nan,12
13526,17,48,nan,nan,12
13526,17,32,nan,nan,12
13526,17,52,nan,nan,12
13526,17,90,3,0.25,12
13526,17,87,2,0.1,12
13526,17,41,2,0.1,12
13526,17,98,2,0.1,12
13526,18,44,nan,nan,12
13526,18,15,nan,nan,12
13526,18,23,nan,nan,12
13526,18,16,2,0.1,12
13526,18,10,nan,nan,12
13526,18,99,nan,nan,12
13526,18,4,nan,nan,12
13526,18,37,nan,nan,12
13526,19,16,nan,nan,12
13526,19,47,nan,nan,12
13526,19,0,nan,nan,12
13526,19,41,nan,nan,12
13526,19,11,nan,nan,12
13526,19,62,nan,nan,12
13526,19,58,nan,nan,12
13526,19,10,nan,nan,12
13526,19,5,nan,nan,12
13526,19,16,nan,nan,12
13526,21,16,nan,nan,12
13526,21,97,3,0.33,12
13526,21,3,nan,nan,12
13526,21,98,nan,nan,12
13526,21,54,nan,nan,12
13526,21,90,nan,nan,12
13526,21,3,nan,nan,12
13526,22,32,nan,nan,12
13526,22,58,nan,nan,12
13526,27,68,nan,nan,12
13526,27,66,nan,nan,12
13526,27,11,nan,nan,12
13526,27,82,nan,nan,12
13526,27,66,nan,nan,12
13526,27,0,nan,nan,12
13526,27,55,4,0.41,12
13526,27,66,nan,nan,12
13526,27,23,nan,nan,12
13526,27,60,2,0.1,12
13526,29,7,2,0.1,12
13526,29,71,nan,nan,12
13526,30,13,nan,nan,12
13526,30,91,1,0.25,12
13526,31,60,2,0.1,12
13526,31,44,nan,nan,12
13526,31,54,nan,nan,12
13526,31,75,nan,nan,12
13526,31,40,nan,nan,12
13526,32,12,nan,nan,12
13526,32,57,nan,nan,12
13526,32,65,nan,nan,12
13526,32,20,nan,nan,12
13526,32,20,nan,nan,12
13526,32,19,nan,nan,12
13526,32,89,nan,nan,12
13526,32,68,nan,nan,12
13526,35,42,0,0.5,12
13526,35,26,nan,nan,12
13526,35,34,nan,nan,12
13526,35,80,nan,nan,12
13526,35,80,nan,nan,12
13526,38,57,nan,nan,12
13526,38,76,nan,nan,12
13526,38,11,nan,nan,12
13526,38,81,nan,nan,12
13526,38,78,nan,nan,12
13526,41,51,nan,nan,12
13526,41,23,nan,nan,12
13526,41,52,nan,nan,12
13526,41,24,nan,nan,12
13526,41,39,nan,nan,12
13526,41,92,nan,nan,12
13526,41,91,nan,nan,12
13526,41,81,nan,nan,12
13526,41,15,nan,nan,12
13526,44,94,nan,nan,12
13526,44,3,nan,nan,12
13526,44,50,nan,nan,12
13526,44,79,nan,nan,12
13526,44,98,nan,nan,12
13526,44,94,nan,nan,12
13526,44,17,nan,nan,12
13526,44,94,nan,nan,12
13526,45,24,nan,nan,12
13526,45,78,nan,nan,12
13526,45,66,nan,nan,12
13526,45,64,nan,nan,12
13526,45,11,nan,nan,12
13526,46,27,nan,nan,12
13526,46,31,nan,nan,12
13526,46,99,nan,nan,12
13526,46,34,nan,nan,12
13526,46,79,nan,nan,12
13526,46,27,nan,nan,12
13526,46,80,nan,nan,12
13526,47,8,nan,nan,12
13526,47,36,1,0.25,12
13526,47,37,2,0.1,12
13526,47,95,nan,nan,12
13526,47,97,nan,nan,12
13526,47,48,nan,nan,12
13526,47,54,nan,nan,12
13526,47,8,nan,nan,12
13526,50,73,nan,nan,12
13526,50,67,4,0.5,12
13526,50,59,2,0.1,12
13526,50,14,nan,nan,12
13526,50,67,4,0.5,12
13526,53,34,nan,nan,12
13526,53,12,nan,nan,12
13526,55,84,nan,nan,12
13526,55,62,nan,nan,12
13526,57,65,nan,nan,12
13526,57,68,nan,nan,12
13526,57,74,nan,nan,12
13526,57,56,nan,nan,12
13526,57,59,nan,nan,12
13526,57,76,nan,nan,12
13526,57,91,nan,nan,12
13526,57,1,nan,nan,12
13526,58,11,nan,nan,12
13526,58,88,nan,nan,12
13526,58,59,nan,nan,12
13526,58,66,nan,nan,12
13526,59,29,nan,nan,12
13526,59,8,nan,nan,12
13526,59,76,nan,nan,12
13526,59,90,nan,nan,12
13526,60,18,nan,nan,12
13526,60,7,nan,nan,12
13526,60,69,nan,nan,12
13526,60,37,nan,nan,12
13526,60,26,nan,nan,12
13526,60,94,nan,nan,12
13526,60,65,nan,nan,12
13526,60,41,nan,nan,12
13526,60,78,nan,nan,12
13526,60,29,nan,nan,12
13526,60,63,nan,nan,12
13526,61,72,nan,nan,12
13526,61,18,nan,nan,12
13526,61,18,nan,nan,12
13526,61,73,nan,nan,12
13526,61,21,nan,nan,12
13526,63,36,nan,nan,12
13526,63,27,nan,nan,12
13526,63,27,nan,nan,12
13526,63,80,nan,nan,12
13526,63,59,nan,nan,12
13526,67,66,nan,nan,12
13526,68,98,nan,nan,12
13526,68,76,nan,nan,12
13526,72,44,nan,nan,12
13526,72,12,nan,nan,12
13526,72,0,nan,nan,12
13526,72,16,nan,nan,12
13526,73,71,0,0.5,12
13526,73,34,nan,nan,12
13526,73,73,nan,nan,12
13526,73,22,nan,nan,12
13526,75,4,nan,nan,12
13526,75,45,nan,nan,12
13526,75,99,nan,nan,12
13526,75,25,nan,nan,12
13526,75,22,nan,nan,12
13526,75,1,nan,nan,12
13526,75,95,nan,nan,12
13526,75,94,nan,nan,12
13526,75,81,nan,nan,12
13526,78,43,nan,nan,12
13526,78,68,nan,nan,12
13526,78,94,nan,nan,12
13526,78,71,nan,nan,12
13526,80,57,nan,nan,12
13526,80,51,nan,nan,12
13526,80,91,nan,nan,12
13526,80,29,nan,nan,12
13526,80,71,nan,nan,12
13526,80,66,nan,nan,12
13526,81,66,nan,nan,12
13526,81,17,nan,nan,12
13526,81,43,nan,nan,12
13526,83,54,nan,nan,12
13526,83,75,nan,nan,12
13526,83,34,nan,nan,12
13526,83,37,nan,nan,12
13526,83,12,nan,nan,12
13526,85,61,nan,nan,12
13526,85,23,nan,nan,12
13526,85,90,nan,nan,12
13526,85,41,nan,nan,12
13526,85,12,nan,nan,12
13526,85,20,nan,nan,12
13526,87,92,nan,nan,12
13526,87,98,nan,nan,12
13526,87,19,nan,nan,12
13526,87,62,nan,nan,12
13526,87,7,nan,nan,12
13526,87,92,nan,nan,12
13526,87,76,nan,nan,12
13526,87,44,2,0.1,12
13526,92,48,nan,nan,12
13526,92,31,nan,nan,12
13526,92,33,nan,nan,12
13526,92,75,nan,nan,12
13526,92,43,nan,nan,12
13526,94,11,nan,nan,12
13526,94,45,nan,nan,12
13526,94,45,nan,nan,12
13526,94,18,nan,nan,12
13526,94,11,nan,nan,12
13526,95,31,nan,nan,12
13526,95,85,nan,nan,12
13526,95,25,nan,nan,12
13526,95,96,nan,nan,12
13526,95,11,nan,nan,12
13526,95,4,nan,nan,12
13526,95,57,nan,nan,12
13526,96,38,2,0.1,12
13526,96,95,nan,nan,12
13526,97,31,nan,nan,12
13526,97,92,nan,nan,12
13526,97,25,nan,nan,12
13526,97,44,nan,nan,12
13526,97,96,nan,nan,12
13526,100,44,nan,nan,12
13526,100,70,nan,nan,12
13526,100,17,nan,nan,12
13526,100,44,nan,nan,12
13526,100,8,nan,nan,12
13526,100,71,nan,nan,12
13526,100,37,nan,nan,12
13526,100,18,nan,nan,12
13526,101,73,nan,nan,12
13526,101,95,nan,nan,12
13526,102,70,nan,nan,12
13526,102,82,2,0.1,12
13526,102,33,nan,nan,12
13526,102,34,nan,nan,12
13526,103,12,nan,nan,12
13526,103,42,nan,nan,12
13526,105,99,2,0.1,12
13526,105,66,nan,nan,12
13526,105,12,nan,nan,12
13526,106,68,1,0.25,12
13526,107,55,nan,nan,12
13526,114,98,nan,nan,12
13526,114,0,nan,nan,12
13526,114,32,nan,nan,12
13526,114,42,nan,nan,12
13526,114,95,nan,nan,12
13526,114,41,nan,nan,12
13526,115,90,nan,nan,12
13526,115,77,nan,nan,12
13526,115,19,nan,nan,12
13526,115,41,nan,nan,12
13526,115,69,nan,nan,12
13526,119,0,nan,nan,12
13526,123,64,nan,nan,12
13526,123,99,2,0.1,12
13526,123,36,nan,nan,12
13526,123,53,nan,nan,12
13526,123,44,nan,nan,12
13526,123,81,nan,nan,12
13526,123,16,nan,nan,12
13526,125,47,nan,nan,12
13526,125,3,nan,nan,12
13526,125,9,nan,nan,12
13526,125,3,nan,nan,12
13526,125,46,nan,nan,12
13526,127,47,nan,nan,12
13526,127,99,nan,nan,12
13526,127,71,3,0.25,12
13526,127,71,3,0.25,12
13526,127,81,nan,nan,12
13526,128,45,nan,nan,12
13526,128,54,nan,nan,12
13526,128,13,nan,nan,12
13526,129,71,3,0.25,12
13526,129,60,nan,nan,12
13526,129,29,nan,nan,12
13526,129,43,nan,nan,12
13526,129,20,1,0.25,12
13526,131,99,nan,nan,12
13526,131,66,nan,nan,12
13526,131,43,nan,nan,12
13526,132,75,nan,nan,12
13526,132,29,nan,nan,12
13526,136,81,1,0.25,12
13526,136,56,nan,nan,12
13526,136,56,nan,nan,12
13526,138,92,nan,nan,12
13526,138,34,nan,nan,12
13526,138,7,nan,nan,12
13526,138,7,nan,nan,12
13526,138,92,nan,nan,12
13526,138,36,nan,nan,12
13526,138,6,nan,nan,12
13526,138,95,nan,nan,12
13526,139,62,nan,nan,12
13526,139,42,nan,nan,12
13526,139,54,nan,nan,12
13526,139,57,nan,nan,12
13526,139,36,nan,nan,12
13526,139,73,nan,nan,12
13526,141,85,nan,nan,12
13526,141,8,nan,nan,12
13526,141,66,nan,nan,12
13526,141,11,nan,nan,12
13526,141,58,nan,nan,12
13526,141,92,nan,nan,12
13526,141,54,nan,nan,12
13526,141,8,nan,nan,12
13526,142,85,nan,nan,12
13526,142,96,nan,nan,12
13526,142,83,nan,nan,12
13526,142,74,nan,nan,12
13526,142,50,nan,nan,12
13526,142,74,nan,nan,12
13526,145,11,nan,nan,12
13526,145,45,nan,nan,12
13526,145,39,nan,nan,12
13526,145,41,nan,nan,12
13526,145,12,1,0.25,12
13526,145,54,nan,nan,12
13526,146,28,nan,nan,12
13526,154,91,nan,nan,12
13526,154,50,nan,nan,12
13526,154,18,nan,nan,12
13526,153,1,2,0.1,12
13526,151,4,0,0.5,12
13526,42,12,2,0.1,12
13526,138,12,3,0.25,12
13526,138,22,1,0.25,12
13526,70,17,1,0.25,12
13526,70,38,2,0.1,12
13526,130,24,1,0.25,12
13526,105,27,4,0.39,12
13526,105,27,4,0.39,12
13526,105,77,4,0.31,12
13526,105,4,nan,nan,12
13526,105,4,nan,nan,12
13526,105,24,nan,nan,12
13526,141,29,4,0.47,12
13526,141,14,nan,nan,12
13526,51,34,nan,nan,12
13526,132,36,1,0.25,12
13526,132,82,0,0.5,12
13526,132,82,0,0.5,12
13526,4,42,1,0.25,12
13526,21,42,1,0.25,12
13526,82,42,0,0.5,12
13526,82,90,1,0.25,12
13526,121,44,2,0.1,12
13526,129,51,3,0.5,12
13526,129,54,3,0.25,12
13526,129,51,3,0.5,12
13526,10,53,0,0.5,12
13526,47,57,0,0.5,12
13526,73,57,1,0.25,12
13526,29,61,0,0.5,12
13526,50,67,4,0.5,12
13526,50,67,4,0.5,12
13526,147,67,4,0.5,12
13526,147,67,4,0.5,12
13526,65,69,1,0.25,12
13526,127,69,2,0.1,12
13526,20,75,0,0.5,12
13526,123,75,0,0.5,12
13526,120,81,1,0.25,12
13526,136,82,0,0.5,12
13526,136,85,0,0.5,12
13526,140,88,3,0.5,12
13526,140,88,3,0.5,12
13526,144,95,3,0.5,12
13526,144,95,3,0.5,12
13526,145,95,3,0.5,12
13526,145,95,3,0.5,12
13526,52,96,0,0.5,12
13526,146,99,0,0.5,12
13527,0,21,nan,nan,11
13527,0,85,nan,nan,11
13527,0,39,nan,nan,11
13527,0,45,nan,nan,11
13527,0,14,nan,nan,11
13527,1,61,nan,nan,11
13527,1,36,nan,nan,11
13527,1,74,nan,nan,11
13527,1,83,nan,nan,11
13527,3,85,nan,nan,11
13527,3,65,nan,nan,11
13527,3,37,nan,nan,11
13527,3,55,nan,nan,11
13527,3,18,nan,nan,11
13527,3,28,nan,nan,11
13527,3,42,1,0.25,11
13527,5,76,nan,nan,11
13527,5,30,nan,nan,11
13527,5,8,nan,nan,11
13527,5,29,nan,nan,11
13527,6,18,nan,nan,11
13527,6,60,nan,nan,11
13527,6,13,nan,nan,11
13527,6,90,nan,nan,11
13527,6,26,nan,nan,11
13527,6,66,nan,nan,11
13527,6,33,nan,nan,11
13527,6,54,nan,nan,11
13527,6,74,nan,nan,11
13527,7,12,nan,nan,11
13527,7,58,nan,nan,11
13527,7,9,nan,nan,11
13527,7,87,nan,nan,11
13527,7,57,nan,nan,11
13527,7,1,nan,nan,11
13527,7,65,nan,nan,11
13527,8,78,nan,nan,11
13527,8,6,nan,nan,11
13527,8,12,nan,nan,11
13527,8,18,nan,nan,11
13527,8,50,nan,nan,11
13527,8,15,0,0.5,11
13527,8,34,nan,nan,11
13527,9,40,nan,nan,11
13527,9,26,nan,nan,11
13527,9,64,nan,nan,11
13527,10,69,nan,nan,11
13527,10,5,nan,nan,11
13527,10,99,nan,nan,11
13527,10,78,nan,nan,11
13527,10,32,nan,nan,11
13527,13,81,nan,nan,11
13527,13,73,nan,nan,11
13527,13,99,nan,nan,11
13527,13,61,nan,nan,11
13527,18,90,3,0.25,11
13527,18,53,0,0.5,11
13527,19,21,nan,nan,11
13527,19,80,nan,nan,11
13527,19,90,nan,nan,11
13527,19,81,nan,nan,11
13527,19,24,nan,nan,11
13527,19,60,nan,nan,11
13527,19,44,nan,nan,11
13527,21,40,nan,nan,11
13527,21,66,nan,nan,11
13527,21,39,nan,nan,11
13527,22,10,nan,nan,11
13527,22,66,nan,nan,11
13527,23,44,nan,nan,11
13527,23,71,nan,nan,11
13527,23,81,nan,nan,11
13527,23,44,nan,nan,11
13527,23,99,nan,nan,11
13527,24,99,nan,nan,11
13527,24,99,nan,nan,11
13527,24,15,nan,nan,11
13527,24,93,nan,nan,11
13527,24,66,nan,nan,11
13527,24,17,nan,nan,11
13527,24,71,nan,nan,11
13527,25,28,nan,nan,11
13527,26,49,nan,nan,11
13527,26,66,nan,nan,11
13527,26,99,nan,nan,11
13527,26,92,nan,nan,11
13527,26,54,nan,nan,11
13527,27,30,nan,nan,11
13527,27,37,nan,nan,11
13527,27,66,nan,nan,11
13527,27,37,nan,nan,11
13527,28,43,nan,nan,11
13527,28,7,nan,nan,11
13527,28,48,nan,nan,11
13527,28,66,nan,nan,11
13527,28,17,nan,nan,11
13527,28,46,nan,nan,11
13527,28,47,nan,nan,11
13527,28,5,nan,nan,11
13527,29,68,nan,nan,11
13527,29,43,nan,nan,11
13527,29,91,nan,nan,11
13527,29,77,nan,nan,11
13527,29,31,nan,nan,11
13527,30,21,nan,nan,11
13527,30,44,nan,nan,11
13527,30,80,nan,nan,11
13527,30,44,nan,nan,11
13527,34,50,nan,nan,11
13527,34,68,nan,nan,11
13527,34,24,nan,nan,11
13527,34,8,nan,nan,11
13527,34,90,nan,nan,11
13527,34,20,nan,nan,11
13527,34,35,nan,nan,11
13527,36,36,nan,nan,11
13527,36,39,nan,nan,11
13527,36,83,nan,nan,11
13527,37,69,nan,nan,11
13527,37,57,nan,nan,11
13527,37,1,nan,nan,11
13527,37,92,nan,nan,11
13527,37,57,nan,nan,11
13527,37,80,nan,nan,11
13527,42,48,nan,nan,11
13527,42,45,0,0.5,11
13527,42,90,2,0.1,11
13527,42,70,nan,nan,11
13527,43,38,nan,nan,11
13527,43,81,nan,nan,11
13527,43,54,nan,nan,11
13527,43,6,nan,nan,11
13527,43,55,nan,nan,11
13527,43,31,nan,nan,11
13527,44,94,nan,nan,11
13527,44,96,2,0.1,11
13527,44,76,nan,nan,11
13527,44,3,nan,nan,11
13527,44,86,nan,nan,11
13527,44,38,nan,nan,11
13527,44,23,nan,nan,11
13527,44,81,nan,nan,11
13527,44,31,2,0.1,11
13527,44,17,nan,nan,11
13527,46,25,3,0.25,11
13527,46,42,nan,nan,11
13527,46,94,nan,nan,11
13527,46,24,nan,nan,11
13527,46,31,nan,nan,11
13527,46,62,nan,nan,11
13527,46,88,3,0.25,11
13527,46,24,nan,nan,11
13527,46,24,nan,nan,11
13527,47,31,nan,nan,11
13527,47,11,nan,nan,11
13527,47,96,nan,nan,11
13527,47,65,nan,nan,11
13527,47,61,1,0.25,11
13527,48,92,nan,nan,11
13527,48,60,nan,nan,11
13527,48,4,nan,nan,11
13527,50,8,nan,nan,11
13527,50,3,nan,nan,11
13527,50,77,nan,nan,11
13527,50,15,nan,nan,11
13527,50,31,2,0.1,11
13527,50,95,nan,nan,11
13527,50,10,nan,nan,11
13527,52,77,nan,nan,11
13527,52,70,nan,nan,11
13527,54,32,nan,nan,11
13527,54,54,nan,nan,11
13527,54,10,nan,nan,11
13527,54,70,nan,nan,11
13527,54,4,nan,nan,11
13527,54,50,nan,nan,11
13527,54,16,nan,nan,11
13527,54,32,nan,nan,11
13527,54,22,nan,nan,11
13527,54,43,nan,nan,11
13527,54,53,nan,nan,11
13527,54,84,nan,nan,11
13527,54,56,nan,nan,11
13527,55,14,nan,nan,11
13527,55,65,nan,nan,11
13527,55,60,nan,nan,11
13527,55,50,nan,nan,11
13527,55,37,nan,nan,11
13527,55,20,nan,nan,11
13527,55,59,nan,nan,11
13527,55,71,nan,nan,11
13527,60,58,nan,nan,11
13527,60,9,nan,nan,11
13527,60,54,nan,nan,11
13527,60,26,nan,nan,11
13527,60,41,nan,nan,11
13527,61,18,2,0.1,11
13527,61,75,1,0.25,11
13527,61,73,nan,nan,11
13527,61,54,nan,nan,11
13527,61,90,nan,nan,11
13527,61,82,nan,nan,11
13527,63,41,nan,nan,11
13527,65,61,nan,nan,11
13527,65,82,nan,nan,11
13527,66,87,nan,nan,11
13527,66,4,nan,nan,11
13527,69,42,nan,nan,11
13527,69,99,nan,nan,11
13527,69,60,nan,nan,11
13527,69,37,nan,nan,11
13527,71,44,nan,nan,11
13527,71,34,nan,nan,11
13527,71,63,nan,nan,11
13527,71,35,nan,nan,11
13527,71,4,nan,nan,11
13527,71,94,nan,nan,11
13527,71,39,nan,nan,11
13527,75,62,nan,nan,11
13527,75,68,nan,nan,11
13527,75,34,2,0.1,11
13527,75,61,nan,nan,11
13527,75,42,nan,nan,11
13527,75,28,nan,nan,11
13527,76,46,nan,nan,11
13527,76,37,nan,nan,11
13527,76,67,nan,nan,11
13527,76,68,nan,nan,11
13527,77,60,nan,nan,11
13527,77,41,nan,nan,11
13527,77,66,nan,nan,11
13527,77,93,nan,nan,11
13527,77,67,4,0.5,11
13527,77,99,nan,nan,11
13527,77,8,nan,nan,11
13527,77,71,nan,nan,11
13527,77,67,4,0.5,11
13527,78,27,nan,nan,11
13527,78,68,nan,nan,11
13527,78,98,nan,nan,11
13527,78,7,nan,nan,11
13527,78,66,nan,nan,11
13527,79,68,nan,nan,11
13527,79,0,nan,nan,11
13527,79,54,nan,nan,11
13527,81,17,nan,nan,11
13527,81,17,nan,nan,11
13527,81,42,nan,nan,11
13527,81,66,nan,nan,11
13527,81,91,nan,nan,11
13527,81,68,nan,nan,11
13527,81,67,1,0.25,11
13527,81,75,nan,nan,11
13527,87,61,nan,nan,11
13527,87,66,nan,nan,11
13527,87,0,nan,nan,11
13527,87,99,nan,nan,11
13527,87,58,nan,nan,11
13527,87,56,nan,nan,11
13527,87,90,nan,nan,11
13527,88,44,2,0.1,11
13527,88,31,nan,nan,11
13527,88,83,nan,nan,11
13527,91,68,nan,nan,11
13527,91,50,nan,nan,11
13527,91,17,nan,nan,11
13527,91,49,2,0.1,11
13527,91,51,2,0.1,11
13527,91,81,nan,nan,11
13527,94,38,nan,nan,11
13527,94,11,nan,nan,11
13527,94,3,nan,nan,11
13527,94,85,nan,nan,11
13527,94,42,nan,nan,11
13527,94,74,nan,nan,11
13527,95,2,nan,nan,11
13527,95,54,nan,nan,11
13527,95,67,nan,nan,11
13527,95,30,nan,nan,11
13527,95,96,nan,nan,11
13527,95,94,nan,nan,11
13527,95,16,2,0.1,11
13527,95,74,nan,nan,11
13527,99,91,nan,nan,11
13527,99,24,nan,nan,11
13527,100,8,nan,nan,11
13527,100,92,nan,nan,11
13527,100,99,nan,nan,11
13527,103,24,2,0.1,11
13527,103,87,2,0.1,11
13527,103,21,nan,nan,11
13527,103,43,nan,nan,11
13527,104,34,nan,nan,11
13527,104,8,nan,nan,11
13527,104,80,nan,nan,11
13527,104,82,nan,nan,11
13527,104,28,nan,nan,11
13527,106,5,nan,nan,11
13527,106,54,nan,nan,11
13527,106,40,nan,nan,11
13527,106,40,nan,nan,11
13527,106,65,nan,nan,11
13527,106,53,nan,nan,11
13527,109,59,nan,nan,11
13527,109,94,nan,nan,11
13527,109,41,nan,nan,11
13527,109,2,nan,nan,11
13527,109,9,nan,nan,11
13527,109,65,nan,nan,11
13527,109,65,nan,nan,11
13527,111,82,nan,nan,11
13527,111,99,nan,nan,11
13527,111,44,nan,nan,11
13527,111,20,nan,nan,11
13527,111,41,nan,nan,11
13527,114,75,nan,nan,11
13527,114,63,nan,nan,11
13527,114,26,nan,nan,11
13527,114,82,nan,nan,11
13527,114,82,nan,nan,11
13527,116,97,nan,nan,11
13527,116,9,nan,nan,11
13527,116,29,nan,nan,11
13527,118,20,nan,nan,11
13527,118,20,nan,nan,11
13527,118,80,nan,nan,11
13527,118,18,nan,nan,11
13527,118,28,nan,nan,11
13527,118,51,nan,nan,11
13527,119,18,nan,nan,11
13527,119,82,nan,nan,11
13527,119,61,nan,nan,11
13527,123,34,nan,nan,11
13527,126,16,nan,nan,11
13527,126,66,nan,nan,11
13527,126,37,nan,nan,11
13527,135,5,nan,nan,11
13527,135,0,nan,nan,11
13527,136,19,nan,nan,11
13527,136,60,nan,nan,11
13527,136,19,nan,nan,11
13527,137,57,nan,nan,11
13527,137,60,nan,nan,11
13527,137,73,nan,nan,11
13527,137,52,nan,nan,11
13527,137,68,nan,nan,11
13527,137,12,3,0.25,11
13527,137,19,1,0.25,11
13527,137,52,nan,nan,11
13527,137,92,nan,nan,11
13527,138,91,nan,nan,11
13527,138,99,2,0.1,11
13527,138,55,nan,nan,11
13527,138,57,nan,nan,11
13527,138,13,nan,nan,11
13527,139,66,nan,nan,11
13527,139,62,nan,nan,11
13527,139,7,nan,nan,11
13527,139,80,nan,nan,11
13527,141,64,nan,nan,11
13527,141,85,nan,nan,11
13527,141,83,nan,nan,11
13527,141,57,nan,nan,11
13527,142,80,nan,nan,11
13527,142,92,nan,nan,11
13527,142,71,nan,nan,11
13527,146,2,nan,nan,11
13527,146,52,nan,nan,11
13527,146,80,2,0.1,11
13527,146,50,nan,nan,11
13527,146,27,nan,nan,11
13527,146,68,nan,nan,11
13527,146,19,0,0.5,11
13527,146,4,nan,nan,11
13527,146,8,nan,nan,11
13527,147,32,nan,nan,11
13527,147,56,2,0.1,11
13527,147,38,2,0.1,11
13527,147,96,nan,nan,11
13527,147,39,1,0.25,11
13527,147,34,nan,nan,11
13527,150,77,nan,nan,11
13527,150,31,nan,nan,11
13527,150,99,nan,nan,11
13527,150,81,nan,nan,11
13527,151,88,nan,nan,11
13527,151,20,nan,nan,11
13527,151,97,nan,nan,11
13527,151,8,nan,nan,11
13527,151,55,nan,nan,11
13527,151,31,nan,nan,11
13527,153,6,nan,nan,11
13527,153,60,nan,nan,11
13527,153,17,nan,nan,11
13527,153,32,nan,nan,11
13527,153,46,nan,nan,11
13527,154,65,nan,nan,11
13527,154,21,nan,nan,11
13527,154,60,nan,nan,11
13527,154,68,nan,nan,11
13527,154,91,nan,nan,11
13527,154,59,nan,nan,11
13527,155,1,nan,nan,11
13527,155,29,nan,nan,11
13527,155,21,nan,nan,11
13527,155,66,nan,nan,11
13527,155,90,nan,nan,11
13527,96,0,2,0.1,11
13527,7,4,0,0.5,11
13527,152,8,1,0.25,11
13527,136,12,1,0.25,11
13527,136,82,0,0.5,11
13527,23,15,0,0.5,11
13527,69,33,0,0.5,11
13527,22,42,3,0.33,11
13527,22,65,0,0.5,11
13527,22,67,4,0.5,11
13527,22,67,4,0.5,11
13527,64,42,1,0.25,11
13527,88,44,2,0.1,11
13527,60,50,1,0.25,11
13527,78,53,3,0.33,11
13527,18,57,0,0.5,11
13527,46,57,0,0.5,11
13527,147,57,2,0.1,11
13527,147,99,0,0.5,11
13527,44,60,3,0.25,11
13527,73,64,4,0.25,11
13527,73,24,nan,nan,11
13527,121,65,0,0.5,11
13527,47,67,4,0.5,11
13527,47,67,4,0.5,11
13527,40,68,1,0.25,11
13527,17,85,1,0.25,11
13527,53,89,3,0.25,11
13527,102,89,3,0.33,11
13527,103,89,3,0.33,11
13527,8,94,1,0.25,11
13527,92,99,1,0.25,11
13527,146,99,0,0.5,11
13528,8,31,3,0.25,8
13528,8,5,nan,nan,8
13528,8,68,nan,nan,8
13528,8,26,2,0.1,8
13528,8,81,nan,nan,8
13528,8,12,nan,nan,8
13528,8,65,nan,nan,8
13528,8,21,1,0.25,8
13528,8,82,1,0.25,8
13528,8,1,nan,nan,8
13528,8,70,nan,nan,8
13528,8,90,nan,nan,8
13528,8,81,nan,nan,8
13528,8,44,nan,nan,8
13528,10,11,0,0.5,8
13528,10,41,nan,nan,8
13528,10,6,nan,nan,8
13528,10,9,nan,nan,8
13528,10,63,nan,nan,8
13528,10,52,nan,nan,8
13528,10,98,nan,nan,8
13528,10,41,nan,nan,8
13528,11,39,nan,nan,8
13528,11,90,nan,nan,8
13528,11,33,2,0.1,8
13528,11,14,nan,nan,8
13528,11,59,nan,nan,8
13528,11,69,nan,nan,8
13528,11,54,nan,nan,8
13528,11,38,1,0.25,8
13528,11,9,nan,nan,8
13528,11,28,nan,nan,8
13528,11,12,nan,nan,8
13528,11,57,nan,nan,8
13528,11,46,1,0.25,8
13528,12,82,nan,nan,8
13528,12,83,nan,nan,8
13528,12,23,2,0.1,8
13528,12,4,nan,nan,8
13528,12,27,nan,nan,8
13528,12,88,2,0.1,8
13528,12,63,nan,nan,8
13528,12,53,nan,nan,8
13528,12,33,4,0.14,8
13528,12,65,nan,nan,8
13528,12,92,1,0.25,8
13528,12,55,nan,nan,8
13528,20,71,nan,nan,8
13528,20,89,nan,nan,8
13528,20,44,nan,nan,8
13528,20,11,nan,nan,8
13528,20,4,nan,nan,8
13528,20,65,nan,nan,8
13528,20,34,nan,nan,8
13528,20,44,nan,nan,8
13528,20,82,nan,nan,8
13528,20,44,nan,nan,8
13528,20,54,nan,nan,8
13528,20,36,nan,nan,8
13528,20,47,nan,nan,8
13528,20,47,nan,nan,8
13528,22,68,nan,nan,8
13528,22,14,nan,nan,8
13528,22,71,nan,nan,8
13528,22,85,nan,nan,8
13528,22,94,nan,nan,8
13528,22,11,nan,nan,8
13528,22,58,nan,nan,8
13528,22,88,nan,nan,8
13528,22,66,nan,nan,8
13528,22,54,nan,nan,8
13528,22,47,nan,nan,8
13528,22,51,3,0.25,8
13528,22,3,nan,nan,8
13528,23,64,nan,nan,8
13528,23,66,nan,nan,8
13528,23,31,nan,nan,8
13528,23,25,2,0.1,8
13528,23,40,nan,nan,8
13528,23,56,1,0.25,8
13528,23,86,nan,nan,8
13528,23,73,nan,nan,8
13528,23,83,nan,nan,8
13528,23,29,nan,nan,8
13528,23,26,nan,nan,8
13528,23,99,nan,nan,8
13528,31,0,2,0.1,8
13528,31,54,nan,nan,8
13528,31,99,nan,nan,8
13528,31,64,nan,nan,8
13528,31,81,nan,nan,8
13528,31,54,nan,nan,8
13528,31,19,nan,nan,8
13528,31,15,1,0.25,8
13528,31,67,nan,nan,8
13528,61,18,2,0.1,8
13528,61,73,nan,nan,8
13528,61,63,nan,nan,8
13528,61,26,nan,nan,8
13528,61,90,nan,nan,8
13528,61,14,nan,nan,8
13528,61,63,nan,nan,8
13528,61,0,nan,nan,8
13528,61,1,nan,nan,8
13528,61,71,nan,nan,8
13528,61,41,nan,nan,8
13528,61,18,2,0.1,8
13528,61,65,nan,nan,8
13528,61,81,nan,nan,8
13528,84,52,nan,nan,8
13528,84,19,nan,nan,8
13528,84,15,nan,nan,8
13528,84,7,nan,nan,8
13528,84,54,nan,nan,8
13528,84,86,nan,nan,8
13528,84,89,nan,nan,8
13528,84,68,nan,nan,8
13528,84,98,nan,nan,8
13528,84,0,nan,nan,8
13528,84,52,nan,nan,8
13528,84,90,nan,nan,8
13528,84,14,nan,nan,8
13528,86,22,nan,nan,8
13528,86,42,0,0.5,8
13528,86,57,nan,nan,8
13528,86,79,nan,nan,8
13528,86,74,nan,nan,8
13528,86,88,nan,nan,8
13528,86,57,nan,nan,8
13528,86,59,2,0.1,8
13528,86,80,nan,nan,8
13528,86,64,nan,nan,8
13528,86,61,nan,nan,8
13528,86,64,nan,nan,8
13528,86,7,nan,nan,8
13528,109,96,2,0.1,8
13528,109,76,nan,nan,8
13528,109,73,nan,nan,8
13528,109,2,nan,nan,8
13528,109,35,nan,nan,8
13528,109,63,nan,nan,8
13528,109,59,nan,nan,8
13528,109,65,nan,nan,8
13528,109,81,2,0.1,8
13528,109,65,nan,nan,8
13528,109,59,nan,nan,8
13528,109,56,nan,nan,8
13528,109,54,2,0.1,8
13528,109,5,nan,nan,8
13528,116,59,nan,nan,8
13528,116,98,nan,nan,8
13528,116,33,nan,nan,8
13528,116,18,nan,nan,8
13528,116,33,nan,nan,8
13528,116,87,nan,nan,8
13528,116,6,nan,nan,8
13528,116,6,nan,nan,8
13528,116,87,nan,nan,8
13528,116,90,nan,nan,8
13528,116,60,nan,nan,8
13528,116,32,nan,nan,8
13528,116,33,nan,nan,8
13528,116,60,nan,nan,8
13528,117,27,nan,nan,8
13528,117,33,nan,nan,8
13528,117,34,nan,nan,8
13528,117,27,nan,nan,8
13528,117,44,nan,nan,8
13528,117,84,nan,nan,8
13528,117,4,nan,nan,8
13528,117,34,nan,nan,8
13528,117,40,nan,nan,8
13528,117,51,nan,nan,8
13528,124,95,nan,nan,8
13528,124,44,nan,nan,8
13528,124,3,nan,nan,8
13528,124,3,nan,nan,8
13528,124,80,nan,nan,8
13528,124,58,nan,nan,8
13528,124,1,nan,nan,8
13528,124,61,nan,nan,8
13528,124,89,nan,nan,8
13528,124,71,nan,nan,8
13528,124,46,nan,nan,8
13528,124,54,nan,nan,8
13528,124,90,nan,nan,8
13528,124,90,nan,nan,8
13528,138,80,nan,nan,8
13528,138,45,nan,nan,8
13528,138,36,nan,nan,8
13528,138,36,nan,nan,8
13528,138,7,nan,nan,8
13528,138,22,1,0.25,8
13528,138,46,nan,nan,8
13528,138,91,nan,nan,8
13528,138,92,nan,nan,8
13528,138,71,2,0.1,8
13528,138,27,nan,nan,8
13528,138,73,nan,nan,8
13528,138,30,nan,nan,8
13528,151,31,3,0.25,8
13528,151,8,nan,nan,8
13528,151,38,nan,nan,8
13528,151,25,nan,nan,8
13528,151,70,nan,nan,8
13528,151,43,2,0.1,8
13528,151,31,3,0.25,8
13528,151,72,nan,nan,8
13528,151,25,nan,nan,8
13528,151,57,nan,nan,8
13528,151,56,nan,nan,8
13528,151,2,nan,nan,8
13528,151,81,nan,nan,8
13528,145,1,0,0.5,8
13528,28,6,3,0.25,8
13528,109,11,1,0.25,8
13528,81,12,1,0.25,8
13528,81,18,2,0.1,8
13528,105,27,4,0.39,8
13528,105,4,nan,nan,8
13528,35,29,3,0.25,8
13528,35,42,0,0.5,8
13528,50,30,0,0.5,8
13528,8,31,3,0.25,8
13528,98,34,nan,nan,8
13528,154,34,nan,nan,8
13528,63,39,2,0.1,8
13528,119,43,1,0.25,8
13528,119,65,3,0.33,8
13528,36,61,0,0.5,8
13528,120,66,0,0.5,8
13528,130,71,3,0.25,8
13528,142,71,1,0.25,8
13528,44,91,1,0.25,8
13528,86,97,1,0.25,8
13528,60,99,2,0.1,8
13529,3,53,nan,nan,5
13529,3,53,nan,nan,5
13529,3,19,nan,nan,5
13529,3,77,nan,nan,5
13529,3,56,nan,nan,5
13529,3,98,nan,nan,5
13529,3,54,nan,nan,5
13529,3,55,nan,nan,5
13529,3,32,nan,nan,5
13529,3,37,nan,nan,5
13529,3,0,nan,nan,5
13529,3,61,nan,nan,5
