,promo_id,promo_cat,promo_discount,start_date,end_date,promo_prods,promo_stores,BX
0,0,4,0.14,31,32,33,1,
0,0,2,0.1,31,32,0,18,
0,0,3,0.33,31,32,63,2,[2]
0,0,4,0.08,31,32,13,9,
0,0,1,0.25,31,32,86,15,
0,0,3,0.33,31,32,94,16,[2]
0,0,2,0.1,31,32,28,4,
0,0,1,0.25,31,32,49,7,
0,0,2,0.1,31,32,25,28,
0,0,1,0.25,31,32,21,17,
0,0,1,0.25,31,32,3,19,
0,0,1,0.25,31,32,15,26,
0,0,1,0.25,31,32,37,11,
0,0,2,0.1,31,32,23,8,
0,0,2,0.1,31,32,88,5,
0,0,1,0.25,31,32,31,29,
0,0,2,0.1,31,32,5,12,
0,0,2,0.1,31,32,60,27,
0,0,2,0.1,31,32,83,25,
0,0,2,0.1,31,32,85,21,
1,1,1,0.25,17,18,29,29,
1,1,1,0.25,17,18,33,3,
1,1,2,0.1,17,18,87,9,
1,1,1,0.25,17,18,76,26,
1,1,3,0.25,17,18,90,27,[3]
1,1,1,0.25,17,18,85,7,
1,1,1,0.25,17,18,59,2,
1,1,2,0.1,17,18,62,12,
1,1,2,0.1,17,18,16,1,
1,1,2,0.1,17,18,46,16,
1,1,1,0.25,17,18,97,17,
1,1,2,0.1,17,18,41,11,
1,1,2,0.1,17,18,22,15,
1,1,0,0.5,17,18,53,4,
1,1,0,0.5,17,18,57,6,
1,1,1,0.25,17,18,45,10,
1,1,2,0.1,17,18,98,20,
1,1,2,0.1,17,18,5,22,
1,1,2,0.1,17,18,51,19,
1,1,0,0.5,17,18,30,14,
2,2,3,0.5,140,141,88,3,[1]
2,2,2,0.1,140,141,17,20,
2,2,1,0.25,140,141,38,7,
2,2,2,0.1,140,141,68,22,
2,2,3,0.25,140,141,9,14,[3]
2,2,1,0.25,140,141,80,1,
2,2,1,0.25,140,141,51,4,
2,2,1,0.25,140,141,75,27,
2,2,2,0.1,140,141,12,29,
2,2,0,0.5,140,141,19,12,
2,2,2,0.1,140,141,91,24,
2,2,2,0.1,140,141,32,0,
2,2,3,0.25,140,141,90,10,[3]
2,2,1,0.25,140,141,1,5,
2,2,1,0.25,140,141,3,8,
2,2,2,0.1,140,141,59,21,
2,2,4,0.47,140,141,29,15,
2,2,1,0.25,140,141,15,19,
2,2,2,0.1,140,141,69,26,
2,2,2,0.1,140,141,4,9,
3,3,3,0.33,22,23,46,3,[2]
3,3,0,0.5,22,23,65,10,
3,3,2,0.1,22,23,30,7,
3,3,0,0.5,22,23,15,11,
3,3,3,0.25,22,23,51,26,[3]
3,3,2,0.1,22,23,89,28,
3,3,2,0.1,22,23,8,20,
3,3,2,0.1,22,23,25,6,
3,3,2,0.1,22,23,41,29,
3,3,4,0.5,22,23,67,4,
3,3,2,0.1,22,23,52,25,
3,3,0,0.5,22,23,75,18,
3,3,2,0.1,22,23,37,9,
3,3,2,0.1,22,23,80,12,
3,3,4,0.08,22,23,13,19,
3,3,2,0.1,22,23,53,23,
3,3,2,0.1,22,23,4,24,
3,3,2,0.1,22,23,74,8,
3,3,3,0.33,22,23,42,13,[2]
3,3,1,0.25,22,23,56,16,
4,4,2,0.1,142,143,66,5,
4,4,2,0.1,142,143,21,1,
4,4,2,0.1,142,143,61,14,
4,4,2,0.1,142,143,7,3,
4,4,2,0.1,142,143,50,25,
4,4,2,0.1,142,143,75,0,
4,4,0,0.5,142,143,98,9,
4,4,2,0.1,142,143,67,17,
4,4,2,0.1,142,143,76,2,
4,4,3,0.25,142,143,38,19,[3]
4,4,1,0.25,142,143,17,10,
4,4,2,0.1,142,143,8,16,
4,4,3,0.25,142,143,68,8,[3]
4,4,1,0.25,142,143,83,21,
4,4,0,0.5,142,143,97,29,
4,4,2,0.1,142,143,40,22,
4,4,2,0.1,142,143,77,15,
4,4,1,0.25,142,143,23,26,
4,4,1,0.25,142,143,71,13,
4,4,1,0.25,142,143,86,24,
5,5,1,0.25,77,78,85,24,
5,5,2,0.1,77,78,3,17,
5,5,2,0.1,77,78,30,20,
5,5,1,0.25,77,78,36,4,
5,5,2,0.1,77,78,97,22,
5,5,2,0.1,77,78,0,6,
5,5,0,0.5,77,78,34,23,
5,5,2,0.1,77,78,12,8,
5,5,3,0.25,77,78,5,14,[3]
5,5,1,0.25,77,78,6,11,
5,5,1,0.25,77,78,52,18,
5,5,2,0.1,77,78,11,21,
5,5,2,0.1,77,78,44,27,
5,5,4,0.5,77,78,67,3,
5,5,3,0.25,77,78,46,16,[3]
5,5,1,0.25,77,78,45,28,
5,5,2,0.1,77,78,21,1,
5,5,2,0.1,77,78,58,10,
5,5,3,0.33,77,78,53,5,[2]
5,5,4,0.14,77,78,33,19,
6,6,2,0.1,122,123,14,12,
6,6,2,0.1,122,123,63,26,
6,6,4,0.09,122,123,73,6,
6,6,2,0.1,122,123,51,23,
6,6,1,0.25,122,123,8,19,
6,6,2,0.1,122,123,99,28,
6,6,2,0.1,122,123,41,2,
6,6,3,0.25,122,123,1,16,[3]
6,6,0,0.5,122,123,96,24,
6,6,2,0.1,122,123,94,0,
6,6,1,0.25,122,123,39,10,
6,6,1,0.25,122,123,28,29,
6,6,0,0.5,122,123,75,5,
6,6,2,0.1,122,123,45,4,
6,6,3,0.25,122,123,6,22,[3]
6,6,1,0.25,122,123,65,17,
6,6,0,0.5,122,123,24,18,
6,6,4,0.08,122,123,13,13,
6,6,1,0.25,122,123,37,8,
6,6,2,0.1,122,123,26,3,
7,7,2,0.1,150,151,37,7,
7,7,1,0.25,150,151,60,25,
7,7,2,0.1,150,151,85,8,
7,7,3,0.25,150,151,40,12,[3]
7,7,2,0.1,150,151,97,21,
7,7,1,0.25,150,151,42,15,
7,7,2,0.1,150,151,80,14,
7,7,3,0.25,150,151,31,9,[3]
7,7,1,0.25,150,151,95,3,
7,7,2,0.1,150,151,61,13,
7,7,2,0.1,150,151,9,16,
7,7,2,0.1,150,151,96,5,
7,7,0,0.5,150,151,4,18,
7,7,1,0.25,150,151,28,2,
7,7,0,0.5,150,151,47,23,
7,7,2,0.1,150,151,67,10,
7,7,3,0.33,150,151,3,26,[2]
7,7,2,0.1,150,151,78,1,
7,7,0,0.5,150,151,62,24,
7,7,2,0.1,150,151,43,22,
8,8,2,0.1,22,23,42,27,
8,8,1,0.25,22,23,10,20,
8,8,2,0.1,22,23,17,9,
8,8,1,0.25,22,23,19,2,
8,8,2,0.1,22,23,95,6,
8,8,4,0.14,22,23,33,0,
8,8,2,0.1,22,23,51,11,
8,8,2,0.1,22,23,53,19,
8,8,1,0.25,22,23,68,25,
8,8,3,0.25,22,23,25,1,[3]
8,8,3,0.25,22,23,43,10,[3]
8,8,3,0.25,22,23,80,24,[3]
8,8,1,0.25,22,23,1,3,
8,8,2,0.1,22,23,30,23,
8,8,1,0.25,22,23,86,14,
8,8,3,0.25,22,23,47,17,[3]
8,8,2,0.1,22,23,65,26,
8,8,1,0.25,22,23,54,18,
8,8,2,0.1,22,23,76,13,
8,8,1,0.25,22,23,21,7,
9,9,4,0.41,57,58,55,23,
9,9,2,0.1,57,58,47,3,
9,9,0,0.5,57,58,2,22,
9,9,2,0.1,57,58,86,26,
9,9,2,0.1,57,58,95,27,
9,9,3,0.33,57,58,25,0,[2]
9,9,1,0.25,57,58,39,10,
9,9,2,0.1,57,58,23,14,
9,9,1,0.25,57,58,90,28,
9,9,2,0.1,57,58,51,24,
9,9,3,0.33,57,58,94,9,[2]
9,9,1,0.25,57,58,32,2,
9,9,2,0.1,57,58,4,15,
9,9,2,0.1,57,58,57,21,
9,9,1,0.25,57,58,19,5,
9,9,3,0.25,57,58,53,4,[3]
9,9,1,0.25,57,58,76,20,
9,9,1,0.25,57,58,1,6,
9,9,2,0.1,57,58,60,1,
9,9,2,0.1,57,58,52,25,
10,10,1,0.25,92,93,53,1,
10,10,2,0.1,92,93,82,2,
10,10,2,0.1,92,93,11,11,
10,10,2,0.1,92,93,94,5,
10,10,2,0.1,92,93,60,27,
10,10,2,0.1,92,93,2,0,
10,10,2,0.1,92,93,43,29,
10,10,3,0.5,92,93,26,4,[1]
10,10,1,0.25,92,93,12,17,
10,10,4,0.31,92,93,77,10,
10,10,1,0.25,92,93,22,21,
10,10,2,0.1,92,93,90,28,
10,10,1,0.25,92,93,72,13,
10,10,2,0.1,92,93,81,9,
10,10,1,0.25,92,93,37,8,
10,10,2,0.1,92,93,98,23,
10,10,1,0.25,92,93,7,7,
10,10,1,0.25,92,93,99,14,
10,10,4,0.08,92,93,13,20,
10,10,2,0.1,92,93,38,15,
11,11,2,0.1,10,11,33,26,
11,11,0,0.5,10,11,85,14,
11,11,3,0.5,10,11,29,3,[1]
11,11,1,0.25,10,11,56,8,
11,11,0,0.5,10,11,86,4,
11,11,2,0.1,10,11,23,22,
11,11,1,0.25,10,11,48,28,
11,11,1,0.25,10,11,26,24,
11,11,2,0.1,10,11,82,7,
11,11,2,0.1,10,11,31,18,
11,11,1,0.25,10,11,61,25,
11,11,0,0.5,10,11,53,12,
11,11,2,0.1,10,11,64,20,
11,11,2,0.1,10,11,75,1,
11,11,0,0.5,10,11,11,10,
11,11,1,0.25,10,11,55,2,
11,11,2,0.1,10,11,0,15,
11,11,1,0.25,10,11,38,5,
11,11,2,0.1,10,11,18,17,
11,11,1,0.25,10,11,46,29,
12,12,2,0.1,102,103,88,8,
12,12,2,0.1,102,103,87,11,
12,12,2,0.1,102,103,24,25,
12,12,2,0.1,102,103,82,16,
12,12,2,0.1,102,103,48,3,
12,12,1,0.25,102,103,54,4,
12,12,2,0.1,102,103,13,23,
12,12,2,0.1,102,103,40,18,
12,12,2,0.1,102,103,6,7,
12,12,0,0.5,102,103,80,5,
12,12,3,0.33,102,103,89,2,[2]
12,12,2,0.1,102,103,30,20,
12,12,2,0.1,102,103,81,12,
12,12,2,0.1,102,103,69,26,
12,12,2,0.1,102,103,0,14,
12,12,0,0.5,102,103,52,13,
12,12,2,0.1,102,103,60,21,
12,12,2,0.1,102,103,90,15,
12,12,2,0.1,102,103,3,10,
12,12,2,0.1,102,103,65,28,
13,13,1,0.25,144,145,2,6,
13,13,0,0.5,144,145,1,20,
13,13,2,0.1,144,145,48,4,
13,13,2,0.1,144,145,43,23,
13,13,2,0.1,144,145,44,29,
13,13,0,0.5,144,145,10,14,
13,13,2,0.1,144,145,60,25,
13,13,2,0.1,144,145,97,16,
13,13,2,0.1,144,145,81,3,
13,13,3,0.5,144,145,95,13,[1]
13,13,1,0.25,144,145,56,26,
13,13,2,0.1,144,145,85,8,
13,13,2,0.1,144,145,3,0,
13,13,1,0.25,144,145,12,21,
13,13,2,0.1,144,145,4,1,
13,13,2,0.1,144,145,36,12,
13,13,1,0.25,144,145,35,28,
13,13,2,0.1,144,145,21,27,
13,13,2,0.1,144,145,86,18,
13,13,1,0.25,144,145,82,17,
14,14,3,0.25,137,138,58,11,[3]
14,14,2,0.1,137,138,11,10,
14,14,1,0.25,137,138,21,3,
14,14,2,0.1,137,138,94,16,
14,14,1,0.25,137,138,53,27,
14,14,1,0.25,137,138,22,19,
14,14,2,0.1,137,138,31,26,
14,14,3,0.25,137,138,12,22,[3]
14,14,1,0.25,137,138,82,7,
14,14,1,0.25,137,138,0,17,
14,14,2,0.1,137,138,99,0,
14,14,2,0.1,137,138,71,8,
14,14,1,0.25,137,138,19,13,
14,14,2,0.1,137,138,2,18,
14,14,2,0.1,137,138,88,2,
14,14,3,0.25,137,138,32,23,[3]
14,14,1,0.25,137,138,50,25,
14,14,2,0.1,137,138,35,20,
14,14,2,0.1,137,138,18,28,
14,14,1,0.25,137,138,69,12,
15,15,2,0.1,39,40,67,23,
15,15,2,0.1,39,40,16,27,
15,15,0,0.5,39,40,36,12,
15,15,3,0.25,39,40,37,26,[3]
15,15,1,0.25,39,40,15,10,
15,15,1,0.25,39,40,71,16,
15,15,2,0.1,39,40,34,1,
15,15,2,0.1,39,40,24,0,
15,15,2,0.1,39,40,77,15,
15,15,2,0.1,39,40,62,24,
15,15,1,0.25,39,40,13,28,
15,15,2,0.1,39,40,44,29,
15,15,2,0.1,39,40,21,11,
15,15,2,0.1,39,40,32,19,
15,15,2,0.1,39,40,0,6,
15,15,0,0.5,39,40,63,3,
15,15,1,0.25,39,40,68,25,
15,15,2,0.1,39,40,60,13,
15,15,2,0.1,39,40,46,22,
15,15,1,0.25,39,40,82,9,
16,16,2,0.1,106,107,99,22,
16,16,1,0.25,106,107,87,3,
16,16,2,0.1,106,107,78,28,
16,16,2,0.1,106,107,43,20,
16,16,2,0.1,106,107,50,16,
16,16,1,0.25,106,107,7,4,
16,16,0,0.5,106,107,79,5,
16,16,2,0.1,106,107,92,0,
16,16,2,0.1,106,107,58,7,
16,16,1,0.25,106,107,41,12,
16,16,1,0.25,106,107,94,17,
16,16,1,0.25,106,107,90,18,
16,16,2,0.1,106,107,47,6,
16,16,2,0.1,106,107,22,24,
16,16,2,0.1,106,107,19,13,
16,16,2,0.1,106,107,20,26,
16,16,3,0.25,106,107,74,2,[3]
16,16,1,0.25,106,107,28,10,
16,16,1,0.25,106,107,68,21,
16,16,0,0.5,106,107,4,25,
17,17,2,0.1,141,142,70,17,
17,17,2,0.1,141,142,90,0,
17,17,2,0.1,141,142,65,12,
17,17,2,0.1,141,142,39,13,
17,17,1,0.25,141,142,45,22,
17,17,2,0.1,141,142,24,14,
17,17,0,0.5,141,142,31,24,
17,17,4,0.39,141,142,27,8,
17,17,4,0.25,141,142,64,2,
17,17,2,0.1,141,142,41,11,
17,17,2,0.1,141,142,34,20,
17,17,2,0.1,141,142,97,25,
17,17,2,0.1,141,142,10,26,
17,17,2,0.1,141,142,4,19,
17,17,2,0.1,141,142,82,3,
17,17,3,0.33,141,142,78,7,[2]
17,17,1,0.25,141,142,94,6,
17,17,2,0.1,141,142,20,27,
17,17,2,0.1,141,142,9,21,
17,17,2,0.1,141,142,2,1,
18,18,3,0.25,101,102,24,4,[3]
18,18,3,0.25,101,102,58,26,[3]
18,18,1,0.25,101,102,86,10,
18,18,0,0.5,101,102,67,22,
18,18,1,0.25,101,102,52,17,
18,18,2,0.1,101,102,48,23,
18,18,2,0.1,101,102,65,21,
18,18,3,0.25,101,102,9,6,[3]
18,18,2,0.1,101,102,87,9,
18,18,1,0.25,101,102,84,29,
18,18,2,0.1,101,102,71,7,
18,18,3,0.25,101,102,93,28,[3]
18,18,2,0.1,101,102,90,16,
18,18,2,0.1,101,102,22,0,
18,18,1,0.25,101,102,76,20,
18,18,2,0.1,101,102,3,8,
18,18,2,0.1,101,102,55,1,
18,18,1,0.25,101,102,92,12,
18,18,2,0.1,101,102,5,25,
18,18,3,0.25,101,102,51,11,[3]
19,19,1,0.25,69,70,19,28,
19,19,2,0.1,69,70,67,6,
19,19,2,0.1,69,70,6,22,
19,19,2,0.1,69,70,61,1,
19,19,0,0.5,69,70,33,24,
19,19,3,0.25,69,70,73,10,[3]
19,19,3,0.25,69,70,27,11,[3]
19,19,2,0.1,69,70,52,5,
19,19,2,0.1,69,70,66,7,
19,19,3,0.25,69,70,35,20,[3]
19,19,1,0.25,69,70,24,14,
19,19,0,0.5,69,70,44,0,
19,19,2,0.1,69,70,38,12,
19,19,2,0.1,69,70,34,17,
19,19,1,0.25,69,70,58,15,
19,19,2,0.1,69,70,84,9,
19,19,2,0.1,69,70,29,26,
19,19,1,0.25,69,70,17,23,
19,19,2,0.1,69,70,16,25,
19,19,3,0.25,69,70,2,19,[3]
20,20,2,0.1,63,64,61,21,
20,20,1,0.25,63,64,51,7,
20,20,1,0.25,63,64,99,25,
20,20,2,0.1,63,64,39,0,
20,20,1,0.25,63,64,97,8,
20,20,2,0.1,63,64,98,20,
20,20,2,0.1,63,64,31,29,
20,20,0,0.5,63,64,66,13,
20,20,2,0.1,63,64,63,10,
20,20,2,0.1,63,64,94,4,
20,20,2,0.1,63,64,67,28,
20,20,2,0.1,63,64,10,11,
20,20,2,0.1,63,64,12,3,
20,20,1,0.25,63,64,91,19,
20,20,3,0.25,63,64,65,22,[3]
20,20,2,0.1,63,64,52,26,
20,20,2,0.1,63,64,44,15,
20,20,2,0.1,63,64,37,17,
20,20,1,0.25,63,64,73,18,
20,20,1,0.25,63,64,42,6,
21,21,1,0.25,10,11,78,26,
21,21,2,0.1,10,11,3,0,
21,21,1,0.25,10,11,36,29,
21,21,1,0.25,10,11,19,27,
21,21,1,0.25,10,11,11,12,
21,21,2,0.1,10,11,60,18,
21,21,2,0.1,10,11,79,14,
21,21,1,0.25,10,11,49,3,
21,21,1,0.25,10,11,82,8,
21,21,0,0.5,10,11,41,15,
21,21,2,0.1,10,11,34,19,
21,21,1,0.25,10,11,39,1,
21,21,4,0.09,10,11,73,24,
21,21,2,0.1,10,11,80,6,
21,21,2,0.1,10,11,92,28,
21,21,2,0.1,10,11,38,9,
21,21,0,0.5,10,11,50,20,
21,21,2,0.1,10,11,28,5,
21,21,4,0.41,10,11,55,7,
21,21,2,0.1,10,11,61,2,
22,22,4,0.47,102,103,29,15,
22,22,2,0.1,102,103,85,7,
22,22,1,0.25,102,103,17,9,
22,22,1,0.25,102,103,12,12,
22,22,3,0.33,102,103,15,22,[2]
22,22,1,0.25,102,103,95,25,
22,22,4,0.05,102,103,93,29,
22,22,2,0.1,102,103,86,20,
22,22,2,0.1,102,103,32,11,
22,22,2,0.1,102,103,75,1,
22,22,2,0.1,102,103,34,23,
22,22,1,0.25,102,103,47,2,
22,22,1,0.25,102,103,83,16,
22,22,0,0.5,102,103,69,14,
22,22,2,0.1,102,103,94,26,
22,22,2,0.1,102,103,38,4,
22,22,4,0.08,102,103,13,0,
22,22,2,0.1,102,103,18,17,
22,22,2,0.1,102,103,82,3,
22,22,2,0.1,102,103,98,5,
23,23,2,0.1,64,65,51,0,
23,23,0,0.5,64,65,5,8,
23,23,1,0.25,64,65,79,9,
23,23,2,0.1,64,65,24,16,
23,23,1,0.25,64,65,69,24,
23,23,2,0.1,64,65,37,14,
23,23,2,0.1,64,65,29,26,
23,23,3,0.25,64,65,49,22,[3]
23,23,2,0.1,64,65,45,4,
23,23,1,0.25,64,65,82,10,
23,23,1,0.25,64,65,48,13,
23,23,2,0.1,64,65,81,25,
23,23,2,0.1,64,65,32,7,
23,23,2,0.1,64,65,39,17,
23,23,1,0.25,64,65,54,28,
23,23,2,0.1,64,65,40,23,
23,23,2,0.1,64,65,7,21,
23,23,2,0.1,64,65,80,12,
23,23,2,0.1,64,65,18,6,
23,23,2,0.1,64,65,6,19,
24,24,1,0.25,46,47,36,7,
24,24,2,0.1,46,47,66,1,
24,24,4,0.41,46,47,55,19,
24,24,0,0.5,46,47,63,8,
24,24,4,0.5,46,47,67,20,
24,24,2,0.1,46,47,39,6,
24,24,2,0.1,46,47,30,10,
24,24,4,0.05,46,47,93,18,
24,24,4,0.31,46,47,77,26,
24,24,0,0.5,46,47,57,12,
24,24,3,0.25,46,47,88,24,[3]
24,24,2,0.1,46,47,3,11,
24,24,1,0.25,46,47,12,14,
24,24,2,0.1,46,47,18,3,
24,24,1,0.25,46,47,61,27,
24,24,2,0.1,46,47,43,5,
24,24,2,0.1,46,47,37,4,
24,24,2,0.1,46,47,50,17,
24,24,3,0.25,46,47,25,0,[3]
24,24,1,0.25,46,47,76,21,
25,25,1,0.25,22,23,69,6,
25,25,2,0.1,22,23,72,29,
25,25,1,0.25,22,23,15,11,
25,25,2,0.1,22,23,38,12,
25,25,4,0.14,22,23,33,9,
25,25,3,0.33,22,23,54,19,[2]
25,25,3,0.25,22,23,97,3,[3]
25,25,2,0.1,22,23,86,7,
25,25,1,0.25,22,23,17,18,
25,25,3,0.25,22,23,83,16,[3]
25,25,0,0.5,22,23,81,10,
25,25,1,0.25,22,23,90,1,
25,25,4,0.5,22,23,67,0,
25,25,1,0.25,22,23,32,4,
25,25,0,0.5,22,23,1,25,
25,25,1,0.25,22,23,39,13,
25,25,1,0.25,22,23,75,27,
25,25,1,0.25,22,23,23,23,
25,25,1,0.25,22,23,68,17,
25,25,1,0.25,22,23,40,2,
26,26,1,0.25,67,68,35,26,
26,26,1,0.25,67,68,42,23,
26,26,0,0.5,67,68,26,10,
26,26,1,0.25,67,68,11,11,
26,26,3,0.25,67,68,56,27,[3]
26,26,2,0.1,67,68,57,18,
26,26,2,0.1,67,68,48,0,
26,26,0,0.5,67,68,22,14,
26,26,3,0.25,67,68,94,19,[3]
26,26,2,0.1,67,68,83,17,
26,26,2,0.1,67,68,97,21,
26,26,2,0.1,67,68,82,15,
26,26,2,0.1,67,68,9,2,
26,26,1,0.25,67,68,39,6,
26,26,4,0.41,67,68,55,22,
26,26,2,0.1,67,68,80,25,
26,26,1,0.25,67,68,0,7,
26,26,1,0.25,67,68,28,13,
26,26,2,0.1,67,68,31,5,
26,26,2,0.1,67,68,90,8,
27,27,2,0.1,31,32,70,9,
27,27,2,0.1,31,32,75,12,
27,27,0,0.5,31,32,73,29,
27,27,0,0.5,31,32,80,23,
27,27,0,0.5,31,32,29,17,
27,27,1,0.25,31,32,20,25,
27,27,2,0.1,31,32,72,5,
27,27,3,0.33,31,32,40,27,[2]
27,27,1,0.25,31,32,94,18,
27,27,2,0.1,31,32,84,6,
27,27,1,0.25,31,32,69,10,
27,27,2,0.1,31,32,82,0,
27,27,1,0.25,31,32,2,19,
27,27,2,0.1,31,32,26,15,
27,27,2,0.1,31,32,54,24,
27,27,2,0.1,31,32,36,14,
27,27,2,0.1,31,32,60,1,
27,27,2,0.1,31,32,34,3,
27,27,2,0.1,31,32,19,28,
27,27,2,0.1,31,32,88,7,
28,28,2,0.1,146,147,81,27,
28,28,2,0.1,146,147,35,1,
28,28,2,0.1,146,147,25,19,
28,28,2,0.1,146,147,80,3,
28,28,2,0.1,146,147,79,5,
28,28,1,0.25,146,147,39,16,
28,28,0,0.5,146,147,99,9,
28,28,2,0.1,146,147,56,24,
28,28,2,0.1,146,147,30,20,
28,28,2,0.1,146,147,57,17,
28,28,2,0.1,146,147,43,7,
28,28,2,0.1,146,147,38,21,
28,28,1,0.25,146,147,86,11,
28,28,0,0.5,146,147,19,23,
28,28,1,0.25,146,147,10,28,
28,28,2,0.1,146,147,78,0,
28,28,1,0.25,146,147,71,18,
28,28,4,0.5,146,147,67,26,
28,28,3,0.25,146,147,89,12,[3]
28,28,2,0.1,146,147,88,4,
29,29,3,0.25,109,110,10,28,[3]
29,29,2,0.1,109,110,17,7,
29,29,2,0.1,109,110,45,5,
29,29,2,0.1,109,110,29,27,
29,29,1,0.25,109,110,48,22,
29,29,1,0.25,109,110,57,25,
29,29,3,0.25,109,110,41,19,[3]
29,29,2,0.1,109,110,96,23,
29,29,3,0.33,109,110,49,1,[2]
29,29,2,0.1,109,110,81,8,
29,29,3,0.25,109,110,89,18,[3]
29,29,2,0.1,109,110,44,2,
29,29,2,0.1,109,110,54,3,
29,29,1,0.25,109,110,69,20,
29,29,1,0.25,109,110,97,0,
29,29,1,0.25,109,110,78,10,
29,29,2,0.1,109,110,15,17,
29,29,3,0.33,109,110,92,14,[2]
29,29,1,0.25,109,110,11,29,
29,29,2,0.1,109,110,26,9,
30,30,1,0.25,20,21,2,2,
30,30,2,0.1,20,21,9,19,
30,30,2,0.1,20,21,50,14,
30,30,0,0.5,20,21,75,20,
30,30,1,0.25,20,21,57,24,
30,30,1,0.25,20,21,11,21,
30,30,1,0.25,20,21,39,4,
30,30,1,0.25,20,21,65,22,
30,30,4,0.5,20,21,67,23,
30,30,1,0.25,20,21,82,25,
30,30,3,0.33,20,21,97,3,[2]
30,30,2,0.1,20,21,94,28,
30,30,2,0.1,20,21,99,15,
30,30,4,0.05,20,21,93,17,
30,30,2,0.1,20,21,24,13,
30,30,3,0.25,20,21,91,26,[3]
30,30,1,0.25,20,21,42,7,
30,30,1,0.25,20,21,78,9,
30,30,4,0.47,20,21,29,12,
30,30,1,0.25,20,21,96,10,
31,31,1,0.25,101,102,42,29,
31,31,4,0.14,101,102,33,13,
31,31,2,0.1,101,102,70,21,
31,31,1,0.25,101,102,2,12,
31,31,2,0.1,101,102,61,2,
31,31,2,0.1,101,102,90,18,
31,31,2,0.1,101,102,62,1,
31,31,1,0.25,101,102,59,27,
31,31,2,0.1,101,102,20,26,
31,31,0,0.5,101,102,18,11,
31,31,2,0.1,101,102,15,19,
31,31,2,0.1,101,102,53,14,
31,31,1,0.25,101,102,25,3,
31,31,4,0.25,101,102,64,17,
31,31,2,0.1,101,102,19,23,
31,31,1,0.25,101,102,10,8,
31,31,1,0.25,101,102,21,28,
31,31,0,0.5,101,102,91,22,
31,31,2,0.1,101,102,92,4,
31,31,2,0.1,101,102,46,6,
32,32,1,0.25,142,143,15,23,
32,32,2,0.1,142,143,71,29,
32,32,2,0.1,142,143,60,26,
32,32,2,0.1,142,143,61,11,
32,32,2,0.1,142,143,58,24,
32,32,1,0.25,142,143,35,6,
32,32,2,0.1,142,143,46,2,
32,32,2,0.1,142,143,16,12,
32,32,0,0.5,142,143,50,19,
32,32,0,0.5,142,143,31,25,
32,32,2,0.1,142,143,33,21,
32,32,1,0.25,142,143,6,8,
32,32,2,0.1,142,143,89,4,
32,32,2,0.1,142,143,44,1,
32,32,1,0.25,142,143,84,0,
32,32,1,0.25,142,143,54,20,
32,32,2,0.1,142,143,1,14,
32,32,2,0.1,142,143,34,3,
32,32,0,0.5,142,143,28,15,
32,32,1,0.25,142,143,64,5,
33,33,2,0.1,3,4,26,12,
33,33,0,0.5,3,4,95,3,
33,33,1,0.25,3,4,81,23,
33,33,1,0.25,3,4,42,17,
33,33,2,0.1,3,4,48,21,
33,33,1,0.25,3,4,15,1,
33,33,2,0.1,3,4,33,24,
33,33,2,0.1,3,4,16,22,
33,33,1,0.25,3,4,63,13,
33,33,2,0.1,3,4,73,25,
33,33,2,0.1,3,4,27,7,
33,33,1,0.25,3,4,29,6,
33,33,2,0.1,3,4,58,2,
33,33,2,0.1,3,4,41,15,
33,33,1,0.25,3,4,13,11,
33,33,0,0.5,3,4,74,0,
33,33,1,0.25,3,4,94,28,
33,33,0,0.5,3,4,72,9,
33,33,3,0.25,3,4,22,19,[3]
33,33,2,0.1,3,4,96,20,
34,34,1,0.25,29,30,91,26,
34,34,2,0.1,29,30,35,3,
34,34,1,0.25,29,30,66,10,
34,34,2,0.1,29,30,30,7,
34,34,1,0.25,29,30,89,9,
34,34,2,0.1,29,30,17,21,
34,34,1,0.25,29,30,64,14,
34,34,1,0.25,29,30,29,2,
34,34,1,0.25,29,30,37,12,
34,34,2,0.1,29,30,90,6,
34,34,0,0.5,29,30,61,23,
34,34,1,0.25,29,30,38,25,
34,34,3,0.25,29,30,34,19,[3]
34,34,1,0.25,29,30,42,5,
34,34,1,0.25,29,30,1,28,
34,34,2,0.1,29,30,7,8,
34,34,2,0.1,29,30,36,18,
34,34,2,0.1,29,30,57,20,
34,34,1,0.25,29,30,95,17,
34,34,2,0.1,29,30,79,15,
35,35,4,0.39,30,31,27,10,
35,35,1,0.25,30,31,31,9,
35,35,1,0.25,30,31,10,6,
35,35,4,0.08,30,31,13,5,
35,35,0,0.5,30,31,65,26,
35,35,1,0.25,30,31,53,27,
35,35,2,0.1,30,31,62,21,
35,35,0,0.5,30,31,74,2,
35,35,2,0.1,30,31,16,13,
35,35,2,0.1,30,31,28,25,
35,35,1,0.25,30,31,75,17,
35,35,3,0.33,30,31,12,4,[2]
35,35,2,0.1,30,31,87,23,
35,35,1,0.25,30,31,14,3,
35,35,2,0.1,30,31,21,24,
35,35,0,0.5,30,31,36,18,
35,35,2,0.1,30,31,97,29,
35,35,2,0.1,30,31,58,16,
35,35,0,0.5,30,31,90,11,
35,35,3,0.25,30,31,45,20,[3]
36,36,2,0.1,71,72,38,26,
36,36,4,0.39,71,72,27,21,
36,36,2,0.1,71,72,90,15,
36,36,4,0.25,71,72,64,4,
36,36,2,0.1,71,72,56,17,
36,36,2,0.1,71,72,47,0,
36,36,1,0.25,71,72,1,3,
36,36,2,0.1,71,72,30,29,
36,36,2,0.1,71,72,42,5,
36,36,2,0.1,71,72,11,16,
36,36,2,0.1,71,72,45,28,
36,36,1,0.25,71,72,34,23,
36,36,1,0.25,71,72,48,27,
36,36,2,0.1,71,72,53,24,
36,36,2,0.1,71,72,66,25,
36,36,2,0.1,71,72,61,19,
36,36,1,0.25,71,72,4,9,
36,36,2,0.1,71,72,97,22,
36,36,0,0.5,71,72,35,20,
36,36,2,0.1,71,72,87,8,
37,37,3,0.33,20,21,54,9,[2]
37,37,1,0.25,20,21,77,2,
37,37,2,0.1,20,21,80,10,
37,37,2,0.1,20,21,71,17,
37,37,0,0.5,20,21,17,11,
37,37,2,0.1,20,21,86,14,
37,37,1,0.25,20,21,61,18,
37,37,1,0.25,20,21,13,7,
37,37,2,0.1,20,21,69,20,
37,37,0,0.5,20,21,56,29,
37,37,2,0.1,20,21,24,4,
37,37,1,0.25,20,21,64,1,
37,37,1,0.25,20,21,7,28,
37,37,2,0.1,20,21,19,12,
37,37,2,0.1,20,21,85,23,
37,37,1,0.25,20,21,16,16,
37,37,2,0.1,20,21,9,8,
37,37,2,0.1,20,21,91,27,
37,37,1,0.25,20,21,89,19,
37,37,3,0.25,20,21,72,0,[3]
38,38,2,0.1,95,96,63,2,
38,38,2,0.1,95,96,9,11,
38,38,3,0.25,95,96,82,7,[3]
38,38,1,0.25,95,96,73,5,
38,38,2,0.1,95,96,0,10,
38,38,0,0.5,95,96,45,14,
38,38,3,0.25,95,96,7,0,[3]
38,38,2,0.1,95,96,34,12,
38,38,2,0.1,95,96,38,13,
38,38,3,0.25,95,96,39,22,[3]
38,38,2,0.1,95,96,58,15,
38,38,2,0.1,95,96,3,19,
38,38,1,0.25,95,96,5,26,
38,38,2,0.1,95,96,36,16,
38,38,1,0.25,95,96,88,6,
38,38,2,0.1,95,96,60,29,
38,38,1,0.25,95,96,90,28,
38,38,2,0.1,95,96,53,17,
38,38,1,0.25,95,96,22,1,
38,38,2,0.1,95,96,16,3,
39,39,2,0.1,102,103,20,21,
39,39,2,0.1,102,103,54,3,
39,39,2,0.1,102,103,74,16,
39,39,2,0.1,102,103,88,24,
39,39,2,0.1,102,103,44,17,
39,39,2,0.1,102,103,9,15,
39,39,4,0.08,102,103,13,26,
39,39,4,0.14,102,103,33,28,
39,39,2,0.1,102,103,49,18,
39,39,1,0.25,102,103,31,12,
39,39,0,0.5,102,103,11,2,
39,39,4,0.05,102,103,93,7,
39,39,2,0.1,102,103,66,22,
39,39,0,0.5,102,103,1,23,
39,39,2,0.1,102,103,57,6,
39,39,3,0.25,102,103,68,29,[3]
39,39,2,0.1,102,103,98,8,
39,39,2,0.1,102,103,61,20,
39,39,3,0.25,102,103,46,1,[3]
39,39,2,0.1,102,103,48,0,
40,40,3,0.25,107,108,36,3,[3]
40,40,2,0.1,107,108,63,17,
40,40,1,0.25,107,108,92,28,
40,40,2,0.1,107,108,45,26,
40,40,4,0.05,107,108,93,25,
40,40,2,0.1,107,108,68,7,
40,40,1,0.25,107,108,94,18,
40,40,1,0.25,107,108,34,2,
40,40,2,0.1,107,108,32,9,
40,40,0,0.5,107,108,2,11,
40,40,2,0.1,107,108,81,16,
40,40,1,0.25,107,108,88,10,
40,40,2,0.1,107,108,17,27,
40,40,1,0.25,107,108,49,0,
40,40,2,0.1,107,108,83,29,
40,40,1,0.25,107,108,51,1,
40,40,1,0.25,107,108,86,23,
40,40,2,0.1,107,108,16,24,
40,40,4,0.47,107,108,29,15,
40,40,2,0.1,107,108,44,8,
41,41,2,0.1,121,122,56,1,
41,41,4,0.47,121,122,29,3,
41,41,1,0.25,121,122,86,10,
41,41,0,0.5,121,122,99,22,
41,41,4,0.05,121,122,93,17,
41,41,2,0.1,121,122,80,23,
41,41,2,0.1,121,122,17,16,
41,41,1,0.25,121,122,89,11,
41,41,2,0.1,121,122,11,12,
41,41,2,0.1,121,122,32,13,
41,41,2,0.1,121,122,68,24,
41,41,2,0.1,121,122,88,5,
41,41,2,0.1,121,122,6,15,
41,41,2,0.1,121,122,8,29,
41,41,0,0.5,121,122,65,20,
41,41,1,0.25,121,122,79,6,
41,41,2,0.1,121,122,44,2,
41,41,1,0.25,121,122,12,21,
41,41,1,0.25,121,122,4,7,
41,41,2,0.1,121,122,10,14,
42,42,2,0.1,48,49,57,29,
42,42,2,0.1,48,49,91,19,
42,42,2,0.1,48,49,96,15,
42,42,2,0.1,48,49,22,4,
42,42,2,0.1,48,49,95,14,
42,42,2,0.1,48,49,47,7,
42,42,2,0.1,48,49,7,17,
42,42,4,0.25,48,49,64,20,
42,42,2,0.1,48,49,32,5,
42,42,2,0.1,48,49,20,9,
42,42,1,0.25,48,49,72,0,
42,42,2,0.1,48,49,24,6,
42,42,4,0.41,48,49,55,8,
42,42,2,0.1,48,49,88,2,
42,42,1,0.25,48,49,90,22,
42,42,2,0.1,48,49,99,3,
42,42,2,0.1,48,49,59,25,
42,42,2,0.1,48,49,87,24,
42,42,0,0.5,48,49,6,13,
42,42,2,0.1,48,49,31,28,
43,43,1,0.25,126,127,33,5,
43,43,1,0.25,126,127,84,17,
43,43,3,0.25,126,127,14,16,[3]
43,43,2,0.1,126,127,69,26,
43,43,2,0.1,126,127,4,4,
43,43,2,0.1,126,127,86,28,
43,43,2,0.1,126,127,60,1,
43,43,1,0.25,126,127,10,7,
43,43,2,0.1,126,127,27,23,
43,43,3,0.25,126,127,71,19,[3]
43,43,2,0.1,126,127,3,12,
43,43,1,0.25,126,127,82,18,
43,43,1,0.25,126,127,28,2,
43,43,1,0.25,126,127,32,22,
43,43,2,0.1,126,127,36,6,
43,43,2,0.1,126,127,29,10,
43,43,2,0.1,126,127,22,11,
43,43,2,0.1,126,127,64,29,
43,43,2,0.1,126,127,40,8,
43,43,0,0.5,126,127,63,3,
44,44,1,0.25,82,83,22,2,
44,44,1,0.25,82,83,90,26,
44,44,3,0.33,82,83,69,5,[2]
44,44,2,0.1,82,83,26,4,
44,44,2,0.1,82,83,93,20,
44,44,2,0.1,82,83,70,1,
44,44,1,0.25,82,83,29,24,
44,44,2,0.1,82,83,78,8,
44,44,2,0.1,82,83,33,28,
44,44,1,0.25,82,83,47,9,
44,44,2,0.1,82,83,86,12,
44,44,2,0.1,82,83,45,25,
44,44,0,0.5,82,83,42,18,
44,44,1,0.25,82,83,49,29,
44,44,2,0.1,82,83,60,27,
44,44,0,0.5,82,83,25,0,
44,44,2,0.1,82,83,57,21,
44,44,2,0.1,82,83,84,23,
44,44,2,0.1,82,83,51,13,
44,44,3,0.5,82,83,65,17,[1]
45,45,1,0.25,52,53,23,16,
45,45,3,0.25,52,53,74,29,[3]
45,45,1,0.25,52,53,85,28,
45,45,1,0.25,52,53,60,21,
45,45,3,0.33,52,53,81,12,[2]
45,45,1,0.25,52,53,39,27,
45,45,2,0.1,52,53,87,20,
45,45,3,0.25,52,53,89,1,[3]
45,45,2,0.1,52,53,41,6,
45,45,1,0.25,52,53,49,26,
45,45,1,0.25,52,53,1,9,
45,45,2,0.1,52,53,91,3,
45,45,2,0.1,52,53,71,13,
45,45,2,0.1,52,53,69,25,
45,45,2,0.1,52,53,20,18,
45,45,2,0.1,52,53,80,11,
45,45,2,0.1,52,53,82,24,
45,45,1,0.25,52,53,6,0,
45,45,1,0.25,52,53,43,7,
45,45,0,0.5,52,53,96,19,
46,46,2,0.1,20,21,98,4,
46,46,2,0.1,20,21,64,26,
46,46,3,0.25,20,21,74,7,[3]
46,46,3,0.5,20,21,29,3,[1]
46,46,2,0.1,20,21,99,16,
46,46,2,0.1,20,21,5,17,
46,46,0,0.5,20,21,88,6,
46,46,2,0.1,20,21,21,28,
46,46,2,0.1,20,21,52,9,
46,46,1,0.25,20,21,94,1,
46,46,2,0.1,20,21,8,0,
46,46,1,0.25,20,21,22,19,
46,46,2,0.1,20,21,77,10,
46,46,3,0.5,20,21,11,21,[1]
46,46,0,0.5,20,21,59,23,
46,46,1,0.25,20,21,19,15,
46,46,1,0.25,20,21,23,29,
46,46,2,0.1,20,21,70,5,
46,46,1,0.25,20,21,89,24,
46,46,2,0.1,20,21,35,27,
47,47,3,0.25,4,5,7,25,[3]
47,47,2,0.1,4,5,52,9,
47,47,2,0.1,4,5,91,0,
47,47,2,0.1,4,5,87,17,
47,47,2,0.1,4,5,80,19,
47,47,3,0.33,4,5,31,13,[2]
47,47,2,0.1,4,5,62,28,
47,47,3,0.25,4,5,85,16,[3]
47,47,3,0.33,4,5,15,14,[2]
47,47,1,0.25,4,5,83,4,
47,47,1,0.25,4,5,60,18,
47,47,2,0.1,4,5,44,3,
47,47,2,0.1,4,5,1,23,
47,47,3,0.5,4,5,57,24,[1]
47,47,0,0.5,4,5,86,15,
47,47,1,0.25,4,5,72,20,
47,47,1,0.25,4,5,82,26,
47,47,3,0.25,4,5,78,12,[3]
47,47,2,0.1,4,5,23,1,
47,47,2,0.1,4,5,26,27,
48,48,1,0.25,102,103,25,25,
48,48,1,0.25,102,103,3,0,
48,48,1,0.25,102,103,41,4,
48,48,2,0.1,102,103,21,5,
48,48,1,0.25,102,103,62,28,
48,48,1,0.25,102,103,90,1,
48,48,2,0.1,102,103,28,7,
48,48,4,0.14,102,103,33,18,
48,48,2,0.1,102,103,19,8,
48,48,1,0.25,102,103,22,3,
48,48,3,0.33,102,103,42,22,[2]
48,48,2,0.1,102,103,69,19,
48,48,2,0.1,102,103,0,27,
48,48,2,0.1,102,103,84,20,
48,48,0,0.5,102,103,18,29,
48,48,2,0.1,102,103,30,14,
48,48,2,0.1,102,103,96,21,
48,48,0,0.5,102,103,6,23,
48,48,2,0.1,102,103,71,26,
48,48,1,0.25,102,103,79,6,
49,49,2,0.1,32,33,46,24,
49,49,2,0.1,32,33,14,27,
49,49,2,0.1,32,33,99,26,
49,49,1,0.25,32,33,68,11,
49,49,2,0.1,32,33,67,28,
49,49,0,0.5,32,33,64,15,
49,49,0,0.5,32,33,66,20,
49,49,2,0.1,32,33,47,23,
49,49,1,0.25,32,33,13,19,
49,49,2,0.1,32,33,30,10,
49,49,1,0.25,32,33,25,21,
49,49,0,0.5,32,33,1,25,
49,49,1,0.25,32,33,6,18,
49,49,2,0.1,32,33,73,9,
49,49,1,0.25,32,33,76,13,
49,49,3,0.25,32,33,12,29,[3]
49,49,1,0.25,32,33,84,8,
49,49,1,0.25,32,33,86,0,
49,49,2,0.1,32,33,69,2,
49,49,2,0.1,32,33,85,22,
50,50,1,0.25,127,128,30,26,
50,50,2,0.1,127,128,42,13,
50,50,2,0.1,127,128,94,29,
50,50,1,0.25,127,128,40,19,
50,50,1,0.25,127,128,54,23,
50,50,2,0.1,127,128,33,28,
50,50,2,0.1,127,128,80,1,
50,50,3,0.25,127,128,20,21,[3]
50,50,2,0.1,127,128,93,0,
50,50,1,0.25,127,128,22,14,
50,50,1,0.25,127,128,58,16,
50,50,1,0.25,127,128,88,9,
50,50,1,0.25,127,128,28,27,
50,50,2,0.1,127,128,15,15,
50,50,1,0.25,127,128,56,6,
50,50,2,0.1,127,128,98,5,
50,50,2,0.1,127,128,79,22,
50,50,2,0.1,127,128,9,25,
50,50,1,0.25,127,128,27,3,
50,50,1,0.25,127,128,83,4,
51,51,4,0.39,75,76,27,17,
51,51,2,0.1,75,76,72,13,
51,51,1,0.25,75,76,99,29,
51,51,2,0.1,75,76,34,14,
51,51,2,0.1,75,76,48,0,
51,51,2,0.1,75,76,19,26,
51,51,2,0.1,75,76,43,9,
51,51,2,0.1,75,76,60,4,
51,51,2,0.1,75,76,58,8,
51,51,2,0.1,75,76,52,16,
51,51,1,0.25,75,76,14,20,
51,51,4,0.08,75,76,13,24,
51,51,2,0.1,75,76,23,15,
51,51,2,0.1,75,76,41,2,
51,51,2,0.1,75,76,9,19,
51,51,3,0.33,75,76,59,5,[2]
51,51,2,0.1,75,76,87,25,
51,51,1,0.25,75,76,53,6,
51,51,4,0.25,75,76,64,11,
51,51,2,0.1,75,76,54,21,
52,52,3,0.25,35,36,29,24,[3]
52,52,2,0.1,35,36,60,4,
52,52,2,0.1,35,36,95,27,
52,52,1,0.25,35,36,88,18,
52,52,2,0.1,35,36,25,25,
52,52,2,0.1,35,36,12,28,
52,52,1,0.25,35,36,53,2,
52,52,2,0.1,35,36,30,15,
52,52,2,0.1,35,36,78,8,
52,52,2,0.1,35,36,63,3,
52,52,1,0.25,35,36,50,10,
52,52,1,0.25,35,36,82,1,
52,52,2,0.1,35,36,0,7,
52,52,2,0.1,35,36,54,21,
52,52,2,0.1,35,36,90,5,
52,52,2,0.1,35,36,94,20,
52,52,0,0.5,35,36,39,0,
52,52,0,0.5,35,36,61,13,
52,52,3,0.33,35,36,74,12,[2]
52,52,0,0.5,35,36,42,17,
53,53,0,0.5,151,152,97,21,
53,53,2,0.1,151,152,28,6,
53,53,0,0.5,151,152,93,13,
53,53,1,0.25,151,152,65,3,
53,53,2,0.1,151,152,44,17,
53,53,1,0.25,151,152,3,7,
53,53,1,0.25,151,152,83,11,
53,53,3,0.25,151,152,70,9,[3]
53,53,2,0.1,151,152,64,10,
53,53,1,0.25,151,152,87,28,
53,53,1,0.25,151,152,30,26,
53,53,1,0.25,151,152,80,23,
53,53,2,0.1,151,152,15,22,
53,53,1,0.25,151,152,60,2,
53,53,2,0.1,151,152,17,25,
53,53,0,0.5,151,152,52,29,
53,53,2,0.1,151,152,84,24,
53,53,1,0.25,151,152,8,16,
53,53,3,0.25,151,152,74,12,[3]
53,53,2,0.1,151,152,98,18,
54,54,1,0.25,71,72,7,20,
54,54,2,0.1,71,72,54,7,
54,54,2,0.1,71,72,91,9,
54,54,2,0.1,71,72,30,16,
54,54,3,0.25,71,72,17,22,[3]
54,54,1,0.25,71,72,58,12,
54,54,2,0.1,71,72,11,24,
54,54,0,0.5,71,72,87,13,
54,54,1,0.25,71,72,15,11,
54,54,2,0.1,71,72,19,5,
54,54,1,0.25,71,72,81,26,
54,54,4,0.39,71,72,27,10,
54,54,2,0.1,71,72,94,23,
54,54,2,0.1,71,72,24,1,
54,54,3,0.33,71,72,89,18,[2]
54,54,0,0.5,71,72,60,0,
54,54,3,0.33,71,72,62,2,[2]
54,54,2,0.1,71,72,45,27,
54,54,3,0.5,71,72,42,3,[1]
54,54,2,0.1,71,72,57,19,
55,55,2,0.1,73,74,4,25,
55,55,1,0.25,73,74,61,22,
55,55,2,0.1,73,74,9,9,
55,55,0,0.5,73,74,71,18,
55,55,4,0.25,73,74,64,2,
55,55,1,0.25,73,74,57,11,
55,55,2,0.1,73,74,80,24,
55,55,2,0.1,73,74,0,15,
55,55,2,0.1,73,74,17,17,
55,55,2,0.1,73,74,52,0,
55,55,2,0.1,73,74,1,7,
55,55,2,0.1,73,74,46,12,
55,55,3,0.25,73,74,8,27,[3]
55,55,2,0.1,73,74,76,16,
55,55,2,0.1,73,74,40,13,
55,55,3,0.25,73,74,81,28,[3]
55,55,0,0.5,73,74,98,1,
55,55,2,0.1,73,74,26,8,
55,55,1,0.25,73,74,30,14,
55,55,1,0.25,73,74,60,6,
56,56,2,0.1,148,149,59,12,
56,56,1,0.25,148,149,15,21,
56,56,1,0.25,148,149,64,6,
56,56,1,0.25,148,149,61,14,
56,56,0,0.5,148,149,0,9,
56,56,2,0.1,148,149,84,13,
56,56,2,0.1,148,149,78,1,
56,56,2,0.1,148,149,21,22,
56,56,3,0.5,148,149,87,19,[1]
56,56,2,0.1,148,149,76,16,
56,56,2,0.1,148,149,7,4,
56,56,1,0.25,148,149,33,2,
56,56,2,0.1,148,149,12,3,
56,56,2,0.1,148,149,30,7,
56,56,0,0.5,148,149,97,5,
56,56,3,0.33,148,149,69,24,[2]
56,56,2,0.1,148,149,85,20,
56,56,1,0.25,148,149,48,18,
56,56,3,0.25,148,149,54,0,[3]
56,56,2,0.1,148,149,89,29,
57,57,3,0.5,60,61,95,22,[1]
57,57,1,0.25,60,61,50,8,
57,57,2,0.1,60,61,4,15,
57,57,3,0.33,60,61,48,3,[2]
57,57,2,0.1,60,61,35,4,
57,57,2,0.1,60,61,93,9,
57,57,2,0.1,60,61,2,28,
57,57,2,0.1,60,61,22,17,
57,57,3,0.33,60,61,15,11,[2]
57,57,3,0.25,60,61,98,0,[3]
57,57,2,0.1,60,61,18,1,
57,57,1,0.25,60,61,75,26,
57,57,1,0.25,60,61,70,10,
57,57,2,0.1,60,61,64,14,
57,57,2,0.1,60,61,85,2,
57,57,2,0.1,60,61,99,5,
57,57,1,0.25,60,61,37,6,
57,57,2,0.1,60,61,57,23,
57,57,2,0.1,60,61,83,20,
57,57,1,0.25,60,61,46,16,
58,58,1,0.25,132,133,78,28,
58,58,0,0.5,132,133,6,27,
58,58,1,0.25,132,133,85,21,
58,58,1,0.25,132,133,36,19,
58,58,2,0.1,132,133,44,18,
58,58,1,0.25,132,133,61,20,
58,58,0,0.5,132,133,82,11,
58,58,3,0.33,132,133,54,9,[2]
58,58,3,0.5,132,133,83,3,[1]
58,58,1,0.25,132,133,28,26,
58,58,1,0.25,132,133,47,2,
58,58,0,0.5,132,133,53,14,
58,58,2,0.1,132,133,71,13,
58,58,1,0.25,132,133,42,25,
58,58,2,0.1,132,133,87,1,
58,58,1,0.25,132,133,89,10,
58,58,2,0.1,132,133,50,4,
58,58,0,0.5,132,133,25,29,
58,58,0,0.5,132,133,22,12,
58,58,2,0.1,132,133,60,0,
59,59,2,0.1,129,130,48,23,
59,59,3,0.25,129,130,81,28,[3]
59,59,1,0.25,129,130,66,2,
59,59,2,0.1,129,130,96,11,
59,59,1,0.25,129,130,20,5,
59,59,3,0.25,129,130,71,22,[3]
59,59,1,0.25,129,130,58,17,
59,59,1,0.25,129,130,68,27,
59,59,2,0.1,129,130,62,26,
59,59,2,0.1,129,130,12,24,
59,59,2,0.1,129,130,10,9,
59,59,1,0.25,129,130,65,7,
59,59,1,0.25,129,130,52,19,
59,59,2,0.1,129,130,26,29,
59,59,1,0.25,129,130,63,20,
59,59,2,0.1,129,130,73,8,
59,59,1,0.25,129,130,24,13,
59,59,1,0.25,129,130,85,6,
59,59,3,0.25,129,130,54,14,[3]
59,59,3,0.5,129,130,51,12,[1]
60,60,1,0.25,72,73,47,19,
60,60,4,0.41,72,73,55,16,
60,60,2,0.1,72,73,41,9,
60,60,1,0.25,72,73,98,11,
60,60,2,0.1,72,73,24,8,
60,60,2,0.1,72,73,86,15,
60,60,1,0.25,72,73,87,22,
60,60,2,0.1,72,73,19,24,
60,60,2,0.1,72,73,49,25,
60,60,2,0.1,72,73,69,6,
60,60,1,0.25,72,73,42,17,
60,60,1,0.25,72,73,10,27,
60,60,2,0.1,72,73,50,3,
60,60,1,0.25,72,73,6,4,
60,60,2,0.1,72,73,21,23,
60,60,1,0.25,72,73,11,0,
60,60,3,0.25,72,73,44,14,[3]
60,60,0,0.5,72,73,51,18,
60,60,2,0.1,72,73,82,5,
60,60,0,0.5,72,73,59,26,
61,61,1,0.25,50,51,7,17,
61,61,2,0.1,50,51,90,22,
61,61,2,0.1,50,51,44,14,
61,61,2,0.1,50,51,80,4,
61,61,1,0.25,50,51,70,9,
61,61,2,0.1,50,51,31,3,
61,61,3,0.25,50,51,9,18,[3]
61,61,4,0.14,50,51,33,7,
61,61,1,0.25,50,51,98,12,
61,61,2,0.1,50,51,59,25,
61,61,0,0.5,50,51,30,8,
61,61,2,0.1,50,51,96,11,
61,61,2,0.1,50,51,99,28,
61,61,2,0.1,50,51,84,24,
61,61,1,0.25,50,51,48,16,
61,61,2,0.1,50,51,81,13,
61,61,1,0.25,50,51,20,26,
61,61,0,0.5,50,51,2,1,
61,61,0,0.5,50,51,91,19,
61,61,4,0.5,50,51,67,23,
62,62,2,0.1,3,4,12,9,
62,62,0,0.5,3,4,96,13,
62,62,2,0.1,3,4,79,24,
62,62,1,0.25,3,4,83,1,
62,62,4,0.47,3,4,29,10,
62,62,2,0.1,3,4,81,19,
62,62,0,0.5,3,4,24,3,
62,62,2,0.1,3,4,1,26,
62,62,2,0.1,3,4,98,11,
62,62,2,0.1,3,4,7,25,
62,62,1,0.25,3,4,80,17,
62,62,2,0.1,3,4,75,22,
62,62,1,0.25,3,4,61,14,
62,62,2,0.1,3,4,8,23,
62,62,1,0.25,3,4,62,29,
62,62,1,0.25,3,4,91,21,
62,62,0,0.5,3,4,3,8,
62,62,2,0.1,3,4,26,4,
62,62,2,0.1,3,4,9,5,
62,62,2,0.1,3,4,51,2,
63,63,2,0.1,14,15,87,17,
63,63,1,0.25,14,15,44,16,
63,63,0,0.5,14,15,75,4,
63,63,1,0.25,14,15,20,11,
63,63,1,0.25,14,15,26,27,
63,63,1,0.25,14,15,18,26,
63,63,3,0.33,14,15,4,24,[2]
63,63,2,0.1,14,15,86,10,
63,63,1,0.25,14,15,63,28,
63,63,2,0.1,14,15,90,1,
63,63,1,0.25,14,15,11,6,
63,63,1,0.25,14,15,23,8,
63,63,2,0.1,14,15,56,21,
63,63,0,0.5,14,15,40,13,
63,63,2,0.1,14,15,32,14,
63,63,2,0.1,14,15,49,25,
63,63,3,0.5,14,15,72,12,[1]
63,63,2,0.1,14,15,59,19,
63,63,2,0.1,14,15,83,5,
63,63,2,0.1,14,15,52,3,
64,64,2,0.1,81,82,90,29,
64,64,1,0.25,81,82,63,22,
64,64,3,0.33,81,82,1,3,[2]
64,64,1,0.25,81,82,21,10,
64,64,2,0.1,81,82,65,18,
64,64,1,0.25,81,82,76,16,
64,64,2,0.1,81,82,43,8,
64,64,2,0.1,81,82,47,11,
64,64,1,0.25,81,82,45,7,
64,64,1,0.25,81,82,12,1,
64,64,1,0.25,81,82,67,27,
64,64,1,0.25,81,82,77,19,
64,64,2,0.1,81,82,84,4,
64,64,2,0.1,81,82,46,15,
64,64,2,0.1,81,82,93,9,
64,64,2,0.1,81,82,18,17,
64,64,2,0.1,81,82,29,24,
64,64,0,0.5,81,82,34,28,
64,64,2,0.1,81,82,7,14,
64,64,3,0.33,81,82,11,20,[2]
65,65,1,0.25,35,36,50,10,
65,65,3,0.25,35,36,45,7,[3]
65,65,2,0.1,35,36,52,8,
65,65,0,0.5,35,36,66,17,
65,65,2,0.1,35,36,96,21,
65,65,1,0.25,35,36,34,5,
65,65,2,0.1,35,36,17,0,
65,65,2,0.1,35,36,35,4,
65,65,2,0.1,35,36,43,3,
65,65,0,0.5,35,36,90,22,
65,65,2,0.1,35,36,15,20,
65,65,3,0.33,35,36,79,15,[2]
65,65,0,0.5,35,36,48,24,
65,65,1,0.25,35,36,26,9,
65,65,1,0.25,35,36,24,26,
65,65,0,0.5,35,36,81,29,
65,65,1,0.25,35,36,78,25,
65,65,2,0.1,35,36,74,2,
65,65,2,0.1,35,36,58,27,
65,65,1,0.25,35,36,92,12,
66,66,2,0.1,27,28,84,28,
66,66,3,0.25,27,28,6,24,[3]
66,66,2,0.1,27,28,70,2,
66,66,1,0.25,27,28,69,8,
66,66,0,0.5,27,28,2,25,
66,66,0,0.5,27,28,32,0,
66,66,3,0.25,27,28,39,14,[3]
66,66,1,0.25,27,28,97,16,
66,66,4,0.41,27,28,55,5,
66,66,1,0.25,27,28,15,13,
66,66,1,0.25,27,28,12,10,
66,66,2,0.1,27,28,87,12,
66,66,1,0.25,27,28,62,4,
66,66,1,0.25,27,28,75,22,
66,66,2,0.1,27,28,80,18,
66,66,0,0.5,27,28,63,17,
66,66,2,0.1,27,28,60,23,
66,66,4,0.31,27,28,77,26,
66,66,2,0.1,27,28,10,29,
66,66,0,0.5,27,28,98,21,
67,67,2,0.1,152,153,96,26,
67,67,2,0.1,152,153,3,23,
67,67,0,0.5,152,153,99,20,
67,67,2,0.1,152,153,8,4,
67,67,2,0.1,152,153,10,28,
67,67,2,0.1,152,153,1,10,
67,67,1,0.25,152,153,24,7,
67,67,2,0.1,152,153,4,27,
67,67,1,0.25,152,153,70,12,
67,67,4,0.5,152,153,67,2,
67,67,1,0.25,152,153,89,0,
67,67,0,0.5,152,153,34,6,
67,67,2,0.1,152,153,45,15,
67,67,2,0.1,152,153,50,25,
67,67,1,0.25,152,153,98,3,
67,67,1,0.25,152,153,86,24,
67,67,2,0.1,152,153,21,18,
67,67,1,0.25,152,153,95,13,
67,67,1,0.25,152,153,39,21,
67,67,2,0.1,152,153,43,29,
68,68,2,0.1,101,102,37,24,
68,68,2,0.1,101,102,3,4,
68,68,1,0.25,101,102,53,0,
68,68,1,0.25,101,102,50,2,
68,68,2,0.1,101,102,29,21,
68,68,1,0.25,101,102,32,19,
68,68,3,0.25,101,102,85,7,[3]
68,68,2,0.1,101,102,62,5,
68,68,1,0.25,101,102,26,20,
68,68,2,0.1,101,102,42,25,
68,68,2,0.1,101,102,21,26,
68,68,0,0.5,101,102,82,9,
68,68,2,0.1,101,102,66,23,
68,68,2,0.1,101,102,4,29,
68,68,1,0.25,101,102,73,1,
68,68,2,0.1,101,102,20,12,
68,68,2,0.1,101,102,24,13,
68,68,1,0.25,101,102,97,22,
68,68,2,0.1,101,102,75,18,
68,68,2,0.1,101,102,65,8,
69,69,2,0.1,42,43,25,28,
69,69,2,0.1,42,43,63,18,
69,69,1,0.25,42,43,16,23,
69,69,2,0.1,42,43,98,8,
69,69,2,0.1,42,43,68,29,
69,69,2,0.1,42,43,93,0,
69,69,1,0.25,42,43,94,9,
69,69,2,0.1,42,43,90,13,
69,69,2,0.1,42,43,62,24,
69,69,2,0.1,42,43,44,16,
69,69,1,0.25,42,43,24,22,
69,69,1,0.25,42,43,59,7,
69,69,2,0.1,42,43,11,12,
69,69,2,0.1,42,43,66,25,
69,69,2,0.1,42,43,92,2,
69,69,3,0.25,42,43,23,27,[3]
69,69,2,0.1,42,43,77,11,
69,69,0,0.5,42,43,45,15,
69,69,3,0.25,42,43,64,14,[3]
69,69,2,0.1,42,43,12,4,
70,70,1,0.25,44,45,48,1,
70,70,1,0.25,44,45,91,13,
70,70,2,0.1,44,45,12,20,
70,70,1,0.25,44,45,87,27,
70,70,1,0.25,44,45,46,15,
70,70,2,0.1,44,45,90,6,
70,70,2,0.1,44,45,68,24,
70,70,2,0.1,44,45,14,10,
70,70,2,0.1,44,45,31,8,
70,70,2,0.1,44,45,21,21,
70,70,2,0.1,44,45,45,19,
70,70,2,0.1,44,45,53,29,
70,70,2,0.1,44,45,96,18,
70,70,3,0.25,44,45,26,7,[3]
70,70,3,0.25,44,45,60,16,[3]
70,70,1,0.25,44,45,34,4,
70,70,1,0.25,44,45,42,11,
70,70,3,0.25,44,45,49,26,[3]
70,70,4,0.31,44,45,77,22,
70,70,2,0.1,44,45,32,14,
71,71,2,0.1,1,2,47,25,
71,71,2,0.1,1,2,1,3,
71,71,0,0.5,1,2,41,12,
71,71,1,0.25,1,2,76,18,
71,71,2,0.1,1,2,63,7,
71,71,3,0.25,1,2,85,0,[3]
71,71,2,0.1,1,2,25,20,
71,71,1,0.25,1,2,34,23,
71,71,1,0.25,1,2,11,19,
71,71,1,0.25,1,2,57,10,
71,71,2,0.1,1,2,78,29,
71,71,2,0.1,1,2,2,13,
71,71,1,0.25,1,2,99,14,
71,71,4,0.08,1,2,13,27,
71,71,4,0.31,1,2,77,17,
71,71,1,0.25,1,2,86,22,
71,71,1,0.25,1,2,58,16,
71,71,1,0.25,1,2,8,1,
71,71,2,0.1,1,2,3,15,
71,71,1,0.25,1,2,56,4,
72,72,2,0.1,120,121,74,19,
72,72,1,0.25,120,121,81,29,
72,72,1,0.25,120,121,99,10,
72,72,3,0.25,120,121,67,22,[3]
72,72,1,0.25,120,121,58,11,
72,72,1,0.25,120,121,90,14,
72,72,1,0.25,120,121,49,26,
72,72,3,0.33,120,121,94,8,[2]
72,72,2,0.1,120,121,16,4,
72,72,3,0.25,120,121,6,24,[3]
72,72,2,0.1,120,121,79,15,
72,72,2,0.1,120,121,30,5,
72,72,2,0.1,120,121,50,17,
72,72,2,0.1,120,121,9,7,
72,72,2,0.1,120,121,10,12,
72,72,3,0.25,120,121,87,2,[3]
72,72,2,0.1,120,121,32,9,
72,72,3,0.25,120,121,57,1,[3]
72,72,0,0.5,120,121,66,23,
72,72,2,0.1,120,121,86,6,
73,73,2,0.1,125,126,80,7,
73,73,0,0.5,125,126,37,29,
73,73,2,0.1,125,126,6,3,
73,73,2,0.1,125,126,82,5,
73,73,2,0.1,125,126,43,19,
73,73,1,0.25,125,126,84,9,
73,73,1,0.25,125,126,63,27,
73,73,2,0.1,125,126,22,23,
73,73,1,0.25,125,126,71,14,
73,73,2,0.1,125,126,23,10,
73,73,2,0.1,125,126,47,16,
73,73,2,0.1,125,126,10,8,
73,73,1,0.25,125,126,52,24,
73,73,2,0.1,125,126,55,1,
73,73,3,0.25,125,126,91,21,[3]
73,73,3,0.25,125,126,54,28,[3]
73,73,2,0.1,125,126,48,6,
73,73,1,0.25,125,126,83,13,
73,73,2,0.1,125,126,50,20,
73,73,0,0.5,125,126,98,11,
74,74,2,0.1,87,88,49,19,
74,74,0,0.5,87,88,10,22,
74,74,2,0.1,87,88,69,8,
74,74,2,0.1,87,88,48,24,
74,74,2,0.1,87,88,75,14,
74,74,0,0.5,87,88,37,5,
74,74,2,0.1,87,88,89,17,
74,74,4,0.08,87,88,13,0,
74,74,1,0.25,87,88,35,9,
74,74,3,0.33,87,88,74,25,[2]
74,74,2,0.1,87,88,44,1,
74,74,1,0.25,87,88,53,7,
74,74,2,0.1,87,88,24,15,
74,74,2,0.1,87,88,12,20,
74,74,2,0.1,87,88,81,11,
74,74,2,0.1,87,88,91,10,
74,74,2,0.1,87,88,57,4,
74,74,2,0.1,87,88,97,12,
74,74,1,0.25,87,88,80,26,
74,74,3,0.25,87,88,43,2,[3]
75,75,0,0.5,76,77,48,19,
75,75,2,0.1,76,77,86,4,
75,75,2,0.1,76,77,92,11,
75,75,2,0.1,76,77,98,28,
75,75,2,0.1,76,77,16,29,
75,75,0,0.5,76,77,47,15,
75,75,3,0.33,76,77,14,5,[2]
75,75,2,0.1,76,77,33,7,
75,75,3,0.25,76,77,56,10,[3]
75,75,0,0.5,76,77,18,2,
75,75,2,0.1,76,77,88,23,
75,75,1,0.25,76,77,79,22,
75,75,2,0.1,76,77,68,13,
75,75,1,0.25,76,77,42,25,
75,75,2,0.1,76,77,82,17,
75,75,2,0.1,76,77,63,3,
75,75,3,0.33,76,77,59,0,[2]
75,75,2,0.1,76,77,83,18,
75,75,2,0.1,76,77,65,1,
75,75,2,0.1,76,77,45,27,
76,76,2,0.1,112,113,76,2,
76,76,2,0.1,112,113,68,29,
76,76,1,0.25,112,113,49,26,
76,76,2,0.1,112,113,45,3,
76,76,2,0.1,112,113,74,24,
76,76,4,0.31,112,113,77,1,
76,76,4,0.5,112,113,67,12,
76,76,2,0.1,112,113,78,25,
76,76,4,0.14,112,113,33,8,
76,76,3,0.33,112,113,87,0,[2]
76,76,3,0.25,112,113,90,10,[3]
76,76,3,0.5,112,113,46,27,[1]
76,76,2,0.1,112,113,85,17,
76,76,3,0.25,112,113,1,5,[3]
76,76,2,0.1,112,113,34,23,
76,76,2,0.1,112,113,48,13,
76,76,0,0.5,112,113,36,14,
76,76,2,0.1,112,113,24,9,
76,76,3,0.33,112,113,28,4,[2]
76,76,2,0.1,112,113,84,7,
77,77,2,0.1,80,81,81,21,
77,77,1,0.25,80,81,94,13,
77,77,2,0.1,80,81,46,0,
77,77,1,0.25,80,81,16,28,
77,77,2,0.1,80,81,5,15,
77,77,2,0.1,80,81,8,22,
77,77,4,0.09,80,81,73,1,
77,77,1,0.25,80,81,17,26,
77,77,1,0.25,80,81,21,20,
77,77,2,0.1,80,81,38,25,
77,77,2,0.1,80,81,65,16,
77,77,1,0.25,80,81,14,14,
77,77,2,0.1,80,81,74,17,
77,77,3,0.25,80,81,56,11,[3]
77,77,2,0.1,80,81,97,5,
77,77,2,0.1,80,81,82,12,
77,77,1,0.25,80,81,9,8,
77,77,2,0.1,80,81,26,7,
77,77,1,0.25,80,81,28,29,
77,77,1,0.25,80,81,61,4,
78,78,2,0.1,86,87,54,24,
78,78,2,0.1,86,87,77,22,
78,78,2,0.1,86,87,85,10,
78,78,2,0.1,86,87,20,19,
78,78,2,0.1,86,87,91,13,
78,78,1,0.25,86,87,50,20,
78,78,2,0.1,86,87,94,17,
78,78,2,0.1,86,87,73,2,
78,78,2,0.1,86,87,52,16,
78,78,1,0.25,86,87,69,15,
78,78,1,0.25,86,87,23,28,
78,78,0,0.5,86,87,42,8,
78,78,2,0.1,86,87,33,0,
78,78,1,0.25,86,87,97,29,
78,78,2,0.1,86,87,59,1,
78,78,0,0.5,86,87,26,27,
78,78,0,0.5,86,87,43,18,
78,78,2,0.1,86,87,90,3,
78,78,0,0.5,86,87,68,9,
78,78,3,0.25,86,87,40,26,[3]
79,79,2,0.1,119,120,92,16,
79,79,0,0.5,119,120,47,1,
79,79,1,0.25,119,120,58,26,
79,79,1,0.25,119,120,36,17,
79,79,2,0.1,119,120,14,10,
79,79,2,0.1,119,120,72,27,
79,79,2,0.1,119,120,46,23,
79,79,1,0.25,119,120,16,28,
79,79,3,0.5,119,120,7,14,[1]
79,79,3,0.33,119,120,65,8,[2]
79,79,2,0.1,119,120,44,0,
79,79,2,0.1,119,120,8,6,
79,79,1,0.25,119,120,81,25,
79,79,3,0.5,119,120,42,4,[1]
79,79,2,0.1,119,120,79,20,
79,79,2,0.1,119,120,22,21,
79,79,1,0.25,119,120,75,9,
79,79,2,0.1,119,120,40,11,
79,79,4,0.31,119,120,77,24,
79,79,1,0.25,119,120,43,19,
80,80,2,0.1,120,121,36,15,
80,80,0,0.5,120,121,12,9,
80,80,2,0.1,120,121,65,18,
80,80,1,0.25,120,121,95,2,
80,80,3,0.25,120,121,63,11,[3]
80,80,4,0.5,120,121,67,13,
80,80,4,0.41,120,121,55,4,
80,80,1,0.25,120,121,15,27,
80,80,2,0.1,120,121,48,26,
80,80,1,0.25,120,121,14,10,
80,80,1,0.25,120,121,98,3,
80,80,2,0.1,120,121,99,28,
80,80,3,0.25,120,121,85,7,[3]
80,80,1,0.25,120,121,2,25,
80,80,1,0.25,120,121,60,1,
80,80,2,0.1,120,121,26,12,
80,80,4,0.14,120,121,33,14,
80,80,1,0.25,120,121,10,16,
80,80,2,0.1,120,121,58,8,
80,80,2,0.1,120,121,40,24,
81,81,3,0.25,122,123,28,16,[3]
81,81,1,0.25,122,123,24,26,
81,81,0,0.5,122,123,44,2,
81,81,1,0.25,122,123,64,25,
81,81,1,0.25,122,123,12,19,
81,81,0,0.5,122,123,78,10,
81,81,1,0.25,122,123,97,13,
81,81,2,0.1,122,123,89,22,
81,81,1,0.25,122,123,23,21,
81,81,3,0.25,122,123,3,3,[3]
81,81,3,0.5,122,123,26,27,[1]
81,81,2,0.1,122,123,81,18,
81,81,1,0.25,122,123,51,11,
81,81,2,0.1,122,123,39,24,
81,81,0,0.5,122,123,42,4,
81,81,2,0.1,122,123,20,28,
81,81,2,0.1,122,123,40,9,
81,81,1,0.25,122,123,8,6,
81,81,1,0.25,122,123,7,1,
81,81,2,0.1,122,123,76,8,
82,82,2,0.1,9,10,93,27,
82,82,3,0.25,9,10,0,13,[3]
82,82,2,0.1,9,10,87,0,
82,82,2,0.1,9,10,59,18,
82,82,2,0.1,9,10,97,20,
82,82,1,0.25,9,10,15,24,
82,82,2,0.1,9,10,84,26,
82,82,1,0.25,9,10,44,3,
82,82,2,0.1,9,10,34,19,
82,82,2,0.1,9,10,54,29,
82,82,2,0.1,9,10,66,11,
82,82,2,0.1,9,10,3,10,
82,82,1,0.25,9,10,91,1,
82,82,2,0.1,9,10,88,8,
82,82,2,0.1,9,10,6,28,
82,82,3,0.25,9,10,51,4,[3]
82,82,0,0.5,9,10,65,6,
82,82,2,0.1,9,10,60,15,
82,82,2,0.1,9,10,5,21,
82,82,2,0.1,9,10,24,2,
83,83,1,0.25,137,138,39,17,
83,83,2,0.1,137,138,67,10,
83,83,2,0.1,137,138,20,25,
83,83,2,0.1,137,138,69,20,
83,83,2,0.1,137,138,1,15,
83,83,1,0.25,137,138,24,13,
83,83,1,0.25,137,138,86,4,
83,83,2,0.1,137,138,16,3,
83,83,2,0.1,137,138,94,24,
83,83,2,0.1,137,138,7,19,
83,83,1,0.25,137,138,42,28,
83,83,2,0.1,137,138,73,22,
83,83,2,0.1,137,138,25,16,
83,83,2,0.1,137,138,10,11,
83,83,1,0.25,137,138,62,27,
83,83,2,0.1,137,138,59,14,
83,83,0,0.5,137,138,58,5,
83,83,2,0.1,137,138,13,18,
83,83,2,0.1,137,138,80,2,
83,83,1,0.25,137,138,30,26,
84,84,2,0.1,11,12,69,7,
84,84,1,0.25,11,12,68,4,
84,84,2,0.1,11,12,43,20,
84,84,2,0.1,11,12,80,0,
84,84,2,0.1,11,12,88,2,
84,84,4,0.14,11,12,33,19,
84,84,1,0.25,11,12,91,6,
84,84,2,0.1,11,12,5,14,
84,84,4,0.09,11,12,73,8,
84,84,2,0.1,11,12,72,5,
84,84,2,0.1,11,12,81,25,
84,84,1,0.25,11,12,96,16,
84,84,1,0.25,11,12,31,17,
84,84,1,0.25,11,12,92,12,
84,84,2,0.1,11,12,23,27,
84,84,2,0.1,11,12,59,13,
84,84,3,0.33,11,12,51,28,[2]
84,84,2,0.1,11,12,26,1,
84,84,2,0.1,11,12,0,9,
84,84,2,0.1,11,12,41,18,
85,85,3,0.25,136,137,1,11,[3]
85,85,2,0.1,136,137,42,8,
85,85,2,0.1,136,137,34,23,
85,85,1,0.25,136,137,7,4,
85,85,1,0.25,136,137,11,15,
85,85,2,0.1,136,137,43,14,
85,85,1,0.25,136,137,90,12,
85,85,0,0.5,136,137,85,2,
85,85,1,0.25,136,137,74,6,
85,85,1,0.25,136,137,20,13,
85,85,1,0.25,136,137,65,18,
85,85,1,0.25,136,137,81,19,
85,85,0,0.5,136,137,82,20,
85,85,1,0.25,136,137,38,7,
85,85,1,0.25,136,137,12,0,
85,85,2,0.1,136,137,88,26,
85,85,2,0.1,136,137,49,5,
85,85,0,0.5,136,137,36,28,
85,85,0,0.5,136,137,58,17,
85,85,1,0.25,136,137,83,22,
86,86,1,0.25,141,142,58,14,
86,86,2,0.1,141,142,9,13,
86,86,2,0.1,141,142,57,4,
86,86,1,0.25,141,142,0,3,
86,86,2,0.1,141,142,11,21,
86,86,0,0.5,141,142,49,27,
86,86,1,0.25,141,142,60,22,
86,86,0,0.5,141,142,8,8,
86,86,1,0.25,141,142,43,19,
86,86,2,0.1,141,142,35,10,
86,86,1,0.25,141,142,10,5,
86,86,1,0.25,141,142,70,29,
86,86,1,0.25,141,142,20,12,
86,86,4,0.25,141,142,64,18,
86,86,0,0.5,141,142,82,9,
86,86,1,0.25,141,142,17,15,
86,86,2,0.1,141,142,98,28,
86,86,1,0.25,141,142,23,11,
86,86,2,0.1,141,142,6,0,
86,86,1,0.25,141,142,21,26,
87,87,1,0.25,10,11,97,28,
87,87,0,0.5,10,11,70,24,
87,87,1,0.25,10,11,51,6,
87,87,1,0.25,10,11,4,17,
87,87,2,0.1,10,11,90,29,
87,87,3,0.25,10,11,66,27,[3]
87,87,2,0.1,10,11,15,2,
87,87,2,0.1,10,11,36,19,
87,87,3,0.33,10,11,17,3,[2]
87,87,2,0.1,10,11,38,20,
87,87,2,0.1,10,11,24,21,
87,87,2,0.1,10,11,89,12,
87,87,3,0.25,10,11,77,23,[3]
87,87,2,0.1,10,11,56,11,
87,87,2,0.1,10,11,86,15,
87,87,2,0.1,10,11,68,13,
87,87,2,0.1,10,11,63,26,
87,87,1,0.25,10,11,76,8,
87,87,2,0.1,10,11,95,4,
87,87,2,0.1,10,11,87,0,
88,88,2,0.1,60,61,21,16,
88,88,2,0.1,60,61,82,14,
88,88,0,0.5,60,61,68,28,
88,88,2,0.1,60,61,27,21,
88,88,1,0.25,60,61,50,27,
88,88,2,0.1,60,61,4,26,
88,88,2,0.1,60,61,88,9,
88,88,2,0.1,60,61,85,22,
88,88,0,0.5,60,61,40,5,
88,88,2,0.1,60,61,89,20,
88,88,2,0.1,60,61,56,15,
88,88,3,0.25,60,61,32,6,[3]
88,88,2,0.1,60,61,29,0,
88,88,1,0.25,60,61,6,23,
88,88,0,0.5,60,61,31,8,
88,88,2,0.1,60,61,51,25,
88,88,2,0.1,60,61,64,7,
88,88,2,0.1,60,61,24,2,
88,88,2,0.1,60,61,37,10,
88,88,1,0.25,60,61,76,13,
89,89,2,0.1,90,91,62,12,
89,89,2,0.1,90,91,51,17,
89,89,1,0.25,90,91,80,26,
89,89,2,0.1,90,91,88,14,
89,89,1,0.25,90,91,90,22,
89,89,2,0.1,90,91,34,5,
89,89,2,0.1,90,91,49,3,
89,89,2,0.1,90,91,54,11,
89,89,3,0.33,90,91,48,27,[2]
89,89,1,0.25,90,91,67,21,
89,89,2,0.1,90,91,73,4,
89,89,1,0.25,90,91,1,28,
89,89,2,0.1,90,91,98,7,
89,89,2,0.1,90,91,5,0,
89,89,0,0.5,90,91,74,1,
89,89,2,0.1,90,91,42,25,
89,89,2,0.1,90,91,3,20,
89,89,1,0.25,90,91,40,9,
89,89,1,0.25,90,91,87,29,
89,89,2,0.1,90,91,70,6,
90,90,0,0.5,107,108,42,5,
90,90,2,0.1,107,108,29,10,
90,90,2,0.1,107,108,38,9,
90,90,1,0.25,107,108,50,20,
90,90,2,0.1,107,108,94,13,
90,90,1,0.25,107,108,84,1,
90,90,3,0.25,107,108,73,3,[3]
90,90,1,0.25,107,108,4,29,
90,90,2,0.1,107,108,41,7,
90,90,1,0.25,107,108,5,6,
90,90,0,0.5,107,108,52,11,
90,90,1,0.25,107,108,57,22,
90,90,2,0.1,107,108,77,19,
90,90,2,0.1,107,108,76,18,
90,90,0,0.5,107,108,17,16,
90,90,1,0.25,107,108,81,25,
90,90,2,0.1,107,108,19,26,
90,90,2,0.1,107,108,31,0,
90,90,1,0.25,107,108,60,23,
90,90,2,0.1,107,108,9,15,
91,91,2,0.1,60,61,34,17,
91,91,2,0.1,60,61,32,25,
91,91,4,0.41,60,61,55,28,
91,91,1,0.25,60,61,40,10,
91,91,1,0.25,60,61,2,6,
91,91,1,0.25,60,61,17,11,
91,91,1,0.25,60,61,47,3,
91,91,4,0.5,60,61,67,5,
91,91,2,0.1,60,61,37,12,
91,91,4,0.39,60,61,27,20,
91,91,3,0.25,60,61,43,9,[3]
91,91,3,0.33,60,61,69,13,[2]
91,91,3,0.25,60,61,21,7,[3]
91,91,0,0.5,60,61,44,8,
91,91,2,0.1,60,61,42,4,
91,91,2,0.1,60,61,6,24,
91,91,1,0.25,60,61,49,15,
91,91,2,0.1,60,61,12,26,
91,91,4,0.05,60,61,93,29,
91,91,2,0.1,60,61,7,16,
92,92,1,0.25,7,8,30,23,
92,92,2,0.1,7,8,72,10,
92,92,1,0.25,7,8,66,11,
92,92,1,0.25,7,8,82,7,
92,92,2,0.1,7,8,92,8,
92,92,2,0.1,7,8,95,6,
92,92,2,0.1,7,8,25,21,
92,92,2,0.1,7,8,39,24,
92,92,2,0.1,7,8,26,19,
92,92,1,0.25,7,8,23,15,
92,92,1,0.25,7,8,94,16,
92,92,1,0.25,7,8,74,2,
92,92,4,0.47,7,8,29,4,
92,92,0,0.5,7,8,15,28,
92,92,3,0.25,7,8,31,0,[3]
92,92,3,0.25,7,8,85,14,[3]
92,92,0,0.5,7,8,4,20,
92,92,3,0.25,7,8,11,17,[3]
92,92,1,0.25,7,8,21,25,
92,92,1,0.25,7,8,19,27,
93,93,2,0.1,68,69,5,18,
93,93,2,0.1,68,69,8,15,
93,93,0,0.5,68,69,10,12,
93,93,2,0.1,68,69,59,22,
93,93,0,0.5,68,69,7,0,
93,93,1,0.25,68,69,15,1,
93,93,3,0.25,68,69,98,4,[3]
93,93,3,0.25,68,69,65,6,[3]
93,93,2,0.1,68,69,79,16,
93,93,0,0.5,68,69,51,2,
93,93,2,0.1,68,69,44,19,
93,93,1,0.25,68,69,18,9,
93,93,2,0.1,68,69,77,29,
93,93,3,0.33,68,69,13,13,[2]
93,93,3,0.33,68,69,66,5,[2]
93,93,2,0.1,68,69,49,23,
93,93,0,0.5,68,69,81,3,
93,93,2,0.1,68,69,80,27,
93,93,1,0.25,68,69,19,21,
93,93,1,0.25,68,69,91,28,
94,94,2,0.1,63,64,2,24,
94,94,1,0.25,63,64,90,15,
94,94,0,0.5,63,64,73,18,
94,94,0,0.5,63,64,68,13,
94,94,2,0.1,63,64,38,25,
94,94,2,0.1,63,64,41,1,
94,94,1,0.25,63,64,12,0,
94,94,3,0.25,63,64,88,23,[3]
94,94,2,0.1,63,64,10,7,
94,94,2,0.1,63,64,17,8,
94,94,3,0.25,63,64,95,20,[3]
94,94,2,0.1,63,64,77,5,
94,94,1,0.25,63,64,89,21,
94,94,1,0.25,63,64,55,19,
94,94,2,0.1,63,64,98,9,
94,94,2,0.1,63,64,61,4,
94,94,3,0.33,63,64,6,27,[2]
94,94,0,0.5,63,64,18,22,
94,94,3,0.25,63,64,75,28,[3]
94,94,2,0.1,63,64,43,29,
95,95,2,0.1,105,106,89,18,
95,95,1,0.25,105,106,18,16,
95,95,2,0.1,105,106,11,12,
95,95,0,0.5,105,106,39,15,
95,95,2,0.1,105,106,92,29,
95,95,4,0.09,105,106,73,27,
95,95,2,0.1,105,106,88,26,
95,95,2,0.1,105,106,44,11,
95,95,2,0.1,105,106,32,21,
95,95,4,0.39,105,106,27,24,
95,95,2,0.1,105,106,99,8,
95,95,1,0.25,105,106,63,13,
95,95,4,0.31,105,106,77,22,
95,95,4,0.5,105,106,67,9,
95,95,2,0.1,105,106,82,2,
95,95,2,0.1,105,106,70,7,
95,95,1,0.25,105,106,26,4,
95,95,2,0.1,105,106,90,1,
95,95,0,0.5,105,106,6,19,
95,95,2,0.1,105,106,43,28,
96,96,0,0.5,92,93,34,7,
96,96,3,0.25,92,93,98,24,[3]
96,96,1,0.25,92,93,64,3,
96,96,2,0.1,92,93,28,29,
96,96,1,0.25,92,93,49,11,
96,96,3,0.25,92,93,4,4,[3]
96,96,2,0.1,92,93,84,28,
96,96,1,0.25,92,93,94,12,
96,96,3,0.25,92,93,39,5,[3]
96,96,1,0.25,92,93,67,1,
96,96,1,0.25,92,93,19,21,
96,96,2,0.1,92,93,1,27,
96,96,1,0.25,92,93,65,14,
96,96,2,0.1,92,93,33,10,
96,96,2,0.1,92,93,14,23,
96,96,0,0.5,92,93,2,2,
96,96,2,0.1,92,93,62,18,
96,96,2,0.1,92,93,93,19,
96,96,3,0.33,92,93,89,8,[2]
96,96,1,0.25,92,93,83,16,
97,97,2,0.1,64,65,11,4,
97,97,2,0.1,64,65,31,12,
97,97,1,0.25,64,65,12,28,
97,97,3,0.5,64,65,58,21,[1]
97,97,3,0.25,64,65,72,5,[3]
97,97,2,0.1,64,65,26,22,
97,97,2,0.1,64,65,91,29,
97,97,2,0.1,64,65,39,3,
97,97,4,0.08,64,65,13,18,
97,97,1,0.25,64,65,59,17,
97,97,1,0.25,64,65,68,10,
97,97,3,0.5,64,65,74,16,[1]
97,97,2,0.1,64,65,90,15,
97,97,2,0.1,64,65,8,11,
97,97,1,0.25,64,65,57,23,
97,97,4,0.25,64,65,64,1,
97,97,1,0.25,64,65,38,20,
97,97,1,0.25,64,65,97,6,
97,97,1,0.25,64,65,99,13,
97,97,0,0.5,64,65,2,19,
98,98,2,0.1,136,137,99,8,
98,98,2,0.1,136,137,10,4,
98,98,2,0.1,136,137,75,28,
98,98,4,0.05,136,137,93,7,
98,98,1,0.25,136,137,57,11,
98,98,2,0.1,136,137,12,6,
98,98,4,0.08,136,137,13,17,
98,98,2,0.1,136,137,18,2,
98,98,1,0.25,136,137,38,13,
98,98,2,0.1,136,137,45,25,
98,98,1,0.25,136,137,47,24,
98,98,1,0.25,136,137,30,15,
98,98,2,0.1,136,137,11,27,
98,98,2,0.1,136,137,6,10,
98,98,2,0.1,136,137,46,12,
98,98,2,0.1,136,137,15,3,
98,98,1,0.25,136,137,21,18,
98,98,2,0.1,136,137,80,0,
98,98,2,0.1,136,137,66,16,
98,98,1,0.25,136,137,43,20,
99,99,2,0.1,148,149,78,3,
99,99,2,0.1,148,149,75,8,
99,99,2,0.1,148,149,1,25,
99,99,1,0.25,148,149,88,15,
99,99,3,0.25,148,149,97,10,[3]
99,99,2,0.1,148,149,66,18,
99,99,2,0.1,148,149,33,26,
99,99,1,0.25,148,149,16,13,
99,99,1,0.25,148,149,63,12,
99,99,2,0.1,148,149,93,14,
99,99,2,0.1,148,149,20,6,
99,99,3,0.25,148,149,23,2,[3]
99,99,1,0.25,148,149,7,7,
99,99,1,0.25,148,149,27,11,
99,99,2,0.1,148,149,98,21,
99,99,2,0.1,148,149,71,28,
99,99,2,0.1,148,149,21,16,
99,99,2,0.1,148,149,0,9,
99,99,1,0.25,148,149,59,20,
99,99,1,0.25,148,149,77,4,
